session_id,participant__id_in_session,participant__code,page_index,app_name,page_name,time_stamp,seconds_on_page,subsession_pk,auto_submitted
1,1,kikzqm90,1,lying,Ini,1542618458,206,1,False
1,1,kikzqm90,2,lying,Welcome,1542618736,278,1,False
1,1,kikzqm90,3,lying,Instructions,1542618939,203,1,False
1,1,kikzqm90,4,lying,Ready,1542618948,9,1,False
1,1,kikzqm90,5,lying,ReadyWait,1542619093,145,1,False
1,1,kikzqm90,6,lying,Countdown,1542619099,6,1,True
1,1,kikzqm90,7,lying,Rolling,1542619103,4,1,True
1,1,kikzqm90,8,lying,Decision,1542619111,8,1,False
1,1,kikzqm90,9,lying,Q0,1542619114,3,1,False
1,1,kikzqm90,10,lying,Q1,1542619119,5,1,False
1,1,kikzqm90,11,lying,Q2,1542619145,26,1,False
1,1,kikzqm90,12,lying,Q3,1542619168,23,1,False
1,1,kikzqm90,13,lying,Q4,1542619184,16,1,False
1,1,kikzqm90,14,lying,Q45,1542619204,20,1,False
1,1,kikzqm90,15,lying,Q5,1542619415,211,1,False
1,1,kikzqm90,16,lying,Q6,1542619449,34,1,False
1,1,kikzqm90,17,lying,Outro,1542619461,12,1,False
1,2,d9uvh35s,1,lying,Ini,1542618463,210,1,False
1,2,d9uvh35s,2,lying,Welcome,1542618810,347,1,False
1,2,d9uvh35s,3,lying,Instructions,1542619013,203,1,False
1,2,d9uvh35s,4,lying,Ready,1542619024,11,1,False
1,2,d9uvh35s,5,lying,ReadyWait,1542619093,69,1,False
1,2,d9uvh35s,6,lying,Countdown,1542619098,5,1,True
1,2,d9uvh35s,7,lying,Rolling,1542619103,5,1,True
1,2,d9uvh35s,8,lying,Decision,1542619110,7,1,False
1,2,d9uvh35s,9,lying,Q0,1542619113,3,1,False
1,2,d9uvh35s,10,lying,Q1,1542619124,11,1,False
1,2,d9uvh35s,11,lying,Q2,1542619142,18,1,False
1,2,d9uvh35s,12,lying,Q3,1542619175,33,1,False
1,2,d9uvh35s,13,lying,Q4,1542619196,21,1,False
1,2,d9uvh35s,14,lying,Q45,1542619260,64,1,False
1,2,d9uvh35s,15,lying,Q5,1542619457,197,1,False
1,2,d9uvh35s,16,lying,Q6,1542619486,29,1,False
1,2,d9uvh35s,17,lying,Outro,1542619502,16,1,False
1,3,02zu8j6b,1,lying,Ini,1542618509,256,1,False
1,3,02zu8j6b,2,lying,Welcome,1542618760,251,1,False
1,3,02zu8j6b,3,lying,Instructions,1542619056,296,1,False
1,3,02zu8j6b,4,lying,Ready,1542619093,37,1,False
1,3,02zu8j6b,5,lying,ReadyWait,1542619093,0,1,False
1,3,02zu8j6b,6,lying,Countdown,1542619098,5,1,True
1,3,02zu8j6b,7,lying,Rolling,1542619102,4,1,True
1,3,02zu8j6b,8,lying,Decision,1542619108,6,1,False
1,3,02zu8j6b,9,lying,Q0,1542619111,3,1,False
1,3,02zu8j6b,10,lying,Q1,1542619115,4,1,False
1,3,02zu8j6b,11,lying,Q2,1542619131,16,1,False
1,3,02zu8j6b,12,lying,Q3,1542619153,22,1,False
1,3,02zu8j6b,13,lying,Q4,1542619164,11,1,False
1,3,02zu8j6b,14,lying,Q45,1542619192,28,1,False
1,3,02zu8j6b,15,lying,Q5,1542619278,86,1,False
1,3,02zu8j6b,16,lying,Q6,1542619318,40,1,False
1,3,02zu8j6b,17,lying,Outro,1542619332,14,1,False
1,4,ceujoiut,1,lying,Ini,1542618505,252,1,False
1,4,ceujoiut,2,lying,Welcome,1542618684,179,1,False
1,4,ceujoiut,3,lying,Instructions,1542618804,120,1,False
1,4,ceujoiut,4,lying,Ready,1542618809,5,1,False
1,4,ceujoiut,5,lying,ReadyWait,1542619093,284,1,False
1,4,ceujoiut,6,lying,Countdown,1542619099,6,1,True
1,4,ceujoiut,7,lying,Rolling,1542619103,4,1,True
1,4,ceujoiut,8,lying,Decision,1542619108,5,1,False
1,4,ceujoiut,9,lying,Q0,1542619110,2,1,False
1,4,ceujoiut,10,lying,Q1,1542619114,4,1,False
1,4,ceujoiut,11,lying,Q2,1542619135,21,1,False
1,4,ceujoiut,12,lying,Q3,1542619147,12,1,False
1,4,ceujoiut,13,lying,Q4,1542619157,10,1,False
1,4,ceujoiut,14,lying,Q45,1542619204,47,1,False
1,4,ceujoiut,15,lying,Q5,1542619283,79,1,False
1,4,ceujoiut,16,lying,Q6,1542619310,27,1,False
1,4,ceujoiut,17,lying,Outro,1542619319,9,1,False
1,5,hq52vcrw,1,lying,Ini,1542618491,238,1,False
1,5,hq52vcrw,2,lying,Welcome,1542618685,194,1,False
1,5,hq52vcrw,3,lying,Instructions,1542618779,94,1,False
1,5,hq52vcrw,4,lying,Ready,1542618784,5,1,False
1,5,hq52vcrw,5,lying,ReadyWait,1542619093,309,1,False
1,5,hq52vcrw,6,lying,Countdown,1542619098,5,1,True
1,5,hq52vcrw,7,lying,Rolling,1542619103,5,1,True
1,5,hq52vcrw,8,lying,Decision,1542619107,4,1,False
1,5,hq52vcrw,9,lying,Q0,1542619110,3,1,False
1,5,hq52vcrw,11,lying,Q2,1542619125,15,1,False
1,5,hq52vcrw,12,lying,Q3,1542619134,9,1,False
1,5,hq52vcrw,13,lying,Q4,1542619142,8,1,False
1,5,hq52vcrw,15,lying,Q5,1542619219,77,1,False
1,5,hq52vcrw,16,lying,Q6,1542619238,19,1,False
1,5,hq52vcrw,17,lying,Outro,1542619256,18,1,False
1,6,m2zg8wqb,1,lying,Ini,1542618475,222,1,False
1,6,m2zg8wqb,2,lying,Welcome,1542618679,204,1,False
1,6,m2zg8wqb,3,lying,Instructions,1542618805,126,1,False
1,6,m2zg8wqb,4,lying,Ready,1542618816,11,1,False
1,6,m2zg8wqb,5,lying,ReadyWait,1542619093,277,1,False
1,6,m2zg8wqb,6,lying,Countdown,1542619099,6,1,True
1,6,m2zg8wqb,7,lying,Rolling,1542619103,4,1,True
1,6,m2zg8wqb,8,lying,Decision,1542619107,4,1,False
1,6,m2zg8wqb,9,lying,Q0,1542619111,4,1,False
1,6,m2zg8wqb,11,lying,Q2,1542619131,20,1,False
1,6,m2zg8wqb,12,lying,Q3,1542619145,14,1,False
1,6,m2zg8wqb,13,lying,Q4,1542619160,15,1,False
1,6,m2zg8wqb,15,lying,Q5,1542619261,101,1,False
1,6,m2zg8wqb,16,lying,Q6,1542619295,34,1,False
1,6,m2zg8wqb,17,lying,Outro,1542619307,12,1,False
1,7,izp03hli,1,lying,Ini,1542618471,218,1,False
1,7,izp03hli,2,lying,Welcome,1542618685,214,1,False
1,7,izp03hli,3,lying,Instructions,1542618868,183,1,False
1,7,izp03hli,4,lying,Ready,1542618900,32,1,False
1,7,izp03hli,5,lying,ReadyWait,1542619093,193,1,False
1,7,izp03hli,6,lying,Countdown,1542619098,5,1,True
1,7,izp03hli,7,lying,Rolling,1542619103,5,1,True
1,7,izp03hli,8,lying,Decision,1542619107,4,1,False
1,7,izp03hli,9,lying,Q0,1542619109,2,1,False
1,7,izp03hli,11,lying,Q2,1542619124,15,1,False
1,7,izp03hli,12,lying,Q3,1542619153,29,1,False
1,7,izp03hli,13,lying,Q4,1542619183,30,1,False
1,7,izp03hli,15,lying,Q5,1542619421,238,1,False
1,7,izp03hli,16,lying,Q6,1542619448,27,1,False
1,7,izp03hli,17,lying,Outro,1542619463,15,1,False
1,8,jva6fodb,1,lying,Ini,1542618496,243,1,False
1,8,jva6fodb,2,lying,Welcome,1542618712,216,1,False
1,8,jva6fodb,3,lying,Instructions,1542618857,145,1,False
1,8,jva6fodb,4,lying,Ready,1542618868,11,1,False
1,8,jva6fodb,5,lying,ReadyWait,1542619093,225,1,False
1,8,jva6fodb,6,lying,Countdown,1542619098,5,1,True
1,8,jva6fodb,7,lying,Rolling,1542619103,5,1,True
1,8,jva6fodb,8,lying,Decision,1542619110,7,1,False
1,8,jva6fodb,9,lying,Q0,1542619114,4,1,False
1,8,jva6fodb,10,lying,Q1,1542619120,6,1,False
1,8,jva6fodb,11,lying,Q2,1542619142,22,1,False
1,8,jva6fodb,12,lying,Q3,1542619167,25,1,False
1,8,jva6fodb,13,lying,Q4,1542619177,10,1,False
1,8,jva6fodb,14,lying,Q45,1542619238,61,1,False
1,8,jva6fodb,15,lying,Q5,1542619327,89,1,False
1,8,jva6fodb,16,lying,Q6,1542619364,37,1,False
1,8,jva6fodb,17,lying,Outro,1542619382,18,1,False
1,9,rqk9lyec,1,lying,Ini,1542618513,260,1,False
1,9,rqk9lyec,2,lying,Welcome,1542618711,198,1,False
1,9,rqk9lyec,3,lying,Instructions,1542618913,202,1,False
1,9,rqk9lyec,4,lying,Ready,1542618922,9,1,False
1,9,rqk9lyec,5,lying,ReadyWait,1542619093,171,1,False
1,9,rqk9lyec,6,lying,Countdown,1542619098,5,1,True
1,9,rqk9lyec,7,lying,Rolling,1542619103,5,1,True
1,9,rqk9lyec,8,lying,Decision,1542619108,5,1,False
1,9,rqk9lyec,9,lying,Q0,1542619111,3,1,False
1,9,rqk9lyec,10,lying,Q1,1542619117,6,1,False
1,9,rqk9lyec,11,lying,Q2,1542619132,15,1,False
1,9,rqk9lyec,12,lying,Q3,1542619140,8,1,False
1,9,rqk9lyec,13,lying,Q4,1542619148,8,1,False
1,9,rqk9lyec,14,lying,Q45,1542619212,64,1,False
1,9,rqk9lyec,15,lying,Q5,1542619466,254,1,False
1,9,rqk9lyec,16,lying,Q6,1542619525,59,1,False
1,9,rqk9lyec,17,lying,Outro,1542619551,26,1,False
1,10,v8c7znmq,1,lying,Ini,1542618454,201,1,False
1,10,v8c7znmq,2,lying,Welcome,1542618686,232,1,False
1,10,v8c7znmq,3,lying,Instructions,1542618834,148,1,False
1,10,v8c7znmq,4,lying,Ready,1542618844,10,1,False
1,10,v8c7znmq,5,lying,ReadyWait,1542619093,249,1,False
1,10,v8c7znmq,6,lying,Countdown,1542619098,5,1,True
1,10,v8c7znmq,7,lying,Rolling,1542619102,4,1,True
1,10,v8c7znmq,8,lying,Decision,1542619109,7,1,False
1,10,v8c7znmq,9,lying,Q0,1542619112,3,1,False
1,10,v8c7znmq,10,lying,Q1,1542619120,8,1,False
1,10,v8c7znmq,11,lying,Q2,1542619137,17,1,False
1,10,v8c7znmq,12,lying,Q3,1542619151,14,1,False
1,10,v8c7znmq,13,lying,Q4,1542619160,9,1,False
1,10,v8c7znmq,14,lying,Q45,1542619223,63,1,False
1,10,v8c7znmq,15,lying,Q5,1542619340,117,1,False
1,10,v8c7znmq,16,lying,Q6,1542619392,52,1,False
1,10,v8c7znmq,17,lying,Outro,1542619411,19,1,False
1,11,1kswq22r,1,lying,Ini,1542618482,229,1,False
1,11,1kswq22r,2,lying,Welcome,1542618687,205,1,False
1,11,1kswq22r,3,lying,Instructions,1542618813,126,1,False
1,11,1kswq22r,4,lying,Ready,1542618819,6,1,False
1,11,1kswq22r,5,lying,ReadyWait,1542619093,274,1,False
1,11,1kswq22r,6,lying,Countdown,1542619099,6,1,True
1,11,1kswq22r,7,lying,Rolling,1542619103,4,1,True
1,11,1kswq22r,8,lying,Decision,1542619110,7,1,False
1,11,1kswq22r,9,lying,Q0,1542619115,5,1,False
1,11,1kswq22r,11,lying,Q2,1542619135,20,1,False
1,11,1kswq22r,12,lying,Q3,1542619169,34,1,False
1,11,1kswq22r,13,lying,Q4,1542619185,16,1,False
1,11,1kswq22r,15,lying,Q5,1542619263,78,1,False
1,11,1kswq22r,16,lying,Q6,1542619308,45,1,False
1,11,1kswq22r,17,lying,Outro,1542619319,11,1,False
1,12,c0urfx0c,1,lying,Ini,1542618450,197,1,False
1,12,c0urfx0c,2,lying,Welcome,1542618657,207,1,False
1,12,c0urfx0c,3,lying,Instructions,1542618802,145,1,False
1,12,c0urfx0c,4,lying,Ready,1542618818,16,1,False
1,12,c0urfx0c,5,lying,ReadyWait,1542619093,275,1,False
1,12,c0urfx0c,6,lying,Countdown,1542619098,5,1,True
1,12,c0urfx0c,7,lying,Rolling,1542619103,5,1,True
1,12,c0urfx0c,8,lying,Decision,1542619107,4,1,False
1,12,c0urfx0c,9,lying,Q0,1542619108,1,1,False
1,12,c0urfx0c,10,lying,Q1,1542619112,4,1,False
1,12,c0urfx0c,11,lying,Q2,1542619124,12,1,False
1,12,c0urfx0c,12,lying,Q3,1542619130,6,1,False
1,12,c0urfx0c,13,lying,Q4,1542619136,6,1,False
1,12,c0urfx0c,14,lying,Q45,1542619158,22,1,False
1,12,c0urfx0c,15,lying,Q5,1542619227,69,1,False
1,12,c0urfx0c,16,lying,Q6,1542619257,30,1,False
1,12,c0urfx0c,17,lying,Outro,1542619263,6,1,False
1,13,sug2pezs,1,lying,Ini,1542618467,214,1,False
1,13,sug2pezs,2,lying,Welcome,1542618661,194,1,False
1,13,sug2pezs,3,lying,Instructions,1542618733,72,1,False
1,13,sug2pezs,4,lying,Ready,1542618761,28,1,False
1,13,sug2pezs,5,lying,ReadyWait,1542619093,332,1,False
1,13,sug2pezs,6,lying,Countdown,1542619099,6,1,True
1,13,sug2pezs,7,lying,Rolling,1542619103,4,1,True
1,13,sug2pezs,8,lying,Decision,1542619105,2,1,False
1,13,sug2pezs,9,lying,Q0,1542619108,3,1,False
1,13,sug2pezs,11,lying,Q2,1542619120,12,1,False
1,13,sug2pezs,12,lying,Q3,1542619142,22,1,False
1,13,sug2pezs,13,lying,Q4,1542619148,6,1,False
1,13,sug2pezs,15,lying,Q5,1542619198,50,1,False
1,13,sug2pezs,16,lying,Q6,1542619219,21,1,False
1,13,sug2pezs,17,lying,Outro,1542619228,9,1,False
1,14,3dravjr0,1,lying,Ini,1542618486,233,1,False
1,14,3dravjr0,2,lying,Welcome,1542618684,198,1,False
1,14,3dravjr0,3,lying,Instructions,1542618813,129,1,False
1,14,3dravjr0,4,lying,Ready,1542618820,7,1,False
1,14,3dravjr0,5,lying,ReadyWait,1542619093,273,1,False
1,14,3dravjr0,6,lying,Countdown,1542619099,6,1,True
1,14,3dravjr0,7,lying,Rolling,1542619103,4,1,True
1,14,3dravjr0,8,lying,Decision,1542619108,5,1,False
1,14,3dravjr0,9,lying,Q0,1542619112,4,1,False
1,14,3dravjr0,11,lying,Q2,1542619125,13,1,False
1,14,3dravjr0,12,lying,Q3,1542619135,10,1,False
1,14,3dravjr0,13,lying,Q4,1542619143,8,1,False
1,14,3dravjr0,15,lying,Q5,1542619240,97,1,False
1,14,3dravjr0,16,lying,Q6,1542619268,28,1,False
1,14,3dravjr0,17,lying,Outro,1542619286,18,1,False
1,15,9opvwld4,1,lying,Ini,1542618500,247,1,False
1,15,9opvwld4,2,lying,Welcome,1542618718,218,1,False
1,15,9opvwld4,3,lying,Instructions,1542618916,198,1,False
1,15,9opvwld4,4,lying,Ready,1542618938,22,1,False
1,15,9opvwld4,5,lying,ReadyWait,1542619093,155,1,False
1,15,9opvwld4,6,lying,Countdown,1542619098,5,1,True
1,15,9opvwld4,7,lying,Rolling,1542619102,4,1,True
1,15,9opvwld4,8,lying,Decision,1542619108,6,1,False
1,15,9opvwld4,9,lying,Q0,1542619113,5,1,False
1,15,9opvwld4,10,lying,Q1,1542619119,6,1,False
1,15,9opvwld4,11,lying,Q2,1542619143,24,1,False
1,15,9opvwld4,12,lying,Q3,1542619179,36,1,False
1,15,9opvwld4,13,lying,Q4,1542619198,19,1,False
1,15,9opvwld4,14,lying,Q45,1542619454,256,1,False
1,15,9opvwld4,15,lying,Q5,1542619719,265,1,False
1,15,9opvwld4,16,lying,Q6,1542619750,31,1,False
1,15,9opvwld4,17,lying,Outro,1542619781,31,1,False
2,1,c035goph,1,lying,Ini,1542625505,155,2,False
2,1,c035goph,2,lying,Welcome,1542625717,212,2,False
2,1,c035goph,3,lying,Instructions,1542625822,105,2,False
2,1,c035goph,4,lying,Ready,1542625832,10,2,False
2,1,c035goph,5,lying,ReadyWait,1542626052,220,2,False
2,1,c035goph,6,lying,Countdown,1542626057,5,2,True
2,1,c035goph,7,lying,Rolling,1542626062,5,2,True
2,1,c035goph,8,lying,Decision,1542626068,6,2,False
2,1,c035goph,9,lying,Q0,1542626072,4,2,False
2,1,c035goph,11,lying,Q2,1542626103,31,2,False
2,1,c035goph,12,lying,Q3,1542626117,14,2,False
2,1,c035goph,13,lying,Q4,1542626135,18,2,False
2,1,c035goph,15,lying,Q5,1542626205,70,2,False
2,1,c035goph,16,lying,Q6,1542626237,32,2,False
2,1,c035goph,17,lying,Outro,1542626257,20,2,False
2,2,10954ri4,1,lying,Ini,1542625497,147,2,False
2,2,10954ri4,2,lying,Welcome,1542625666,169,2,False
2,2,10954ri4,3,lying,Instructions,1542625750,84,2,False
2,2,10954ri4,4,lying,Ready,1542625758,8,2,False
2,2,10954ri4,5,lying,ReadyWait,1542626052,294,2,False
2,2,10954ri4,6,lying,Countdown,1542626058,6,2,True
2,2,10954ri4,7,lying,Rolling,1542626062,4,2,True
2,2,10954ri4,8,lying,Decision,1542626070,8,2,False
2,2,10954ri4,9,lying,Q0,1542626074,4,2,False
2,2,10954ri4,10,lying,Q1,1542626079,5,2,False
2,2,10954ri4,11,lying,Q2,1542626094,15,2,False
2,2,10954ri4,12,lying,Q3,1542626106,12,2,False
2,2,10954ri4,13,lying,Q4,1542626112,6,2,False
2,2,10954ri4,14,lying,Q45,1542626130,18,2,False
2,2,10954ri4,15,lying,Q5,1542626346,216,2,False
2,2,10954ri4,16,lying,Q6,1542626363,17,2,False
2,2,10954ri4,17,lying,Outro,1542626376,13,2,False
2,3,7e4zk8zz,1,lying,Ini,1542625501,151,2,False
2,3,7e4zk8zz,2,lying,Welcome,1542625704,203,2,False
2,3,7e4zk8zz,3,lying,Instructions,1542625859,155,2,False
2,3,7e4zk8zz,4,lying,Ready,1542625866,7,2,False
2,3,7e4zk8zz,5,lying,ReadyWait,1542626052,186,2,False
2,3,7e4zk8zz,6,lying,Countdown,1542626058,6,2,True
2,3,7e4zk8zz,7,lying,Rolling,1542626062,4,2,True
2,3,7e4zk8zz,8,lying,Decision,1542626067,5,2,False
2,3,7e4zk8zz,9,lying,Q0,1542626070,3,2,False
2,3,7e4zk8zz,11,lying,Q2,1542626089,19,2,False
2,3,7e4zk8zz,12,lying,Q3,1542626113,24,2,False
2,3,7e4zk8zz,13,lying,Q4,1542626123,10,2,False
2,3,7e4zk8zz,15,lying,Q5,1542626238,115,2,False
2,3,7e4zk8zz,16,lying,Q6,1542626268,30,2,False
2,3,7e4zk8zz,17,lying,Outro,1542626277,9,2,False
2,4,ieecgnoa,1,lying,Ini,1542625493,143,2,False
2,4,ieecgnoa,2,lying,Welcome,1542625696,203,2,False
2,4,ieecgnoa,3,lying,Instructions,1542625848,152,2,False
2,4,ieecgnoa,4,lying,Ready,1542625854,6,2,False
2,4,ieecgnoa,5,lying,ReadyWait,1542626052,198,2,False
2,4,ieecgnoa,6,lying,Countdown,1542626057,5,2,True
2,4,ieecgnoa,7,lying,Rolling,1542626062,5,2,True
2,4,ieecgnoa,8,lying,Decision,1542626066,4,2,False
2,4,ieecgnoa,9,lying,Q0,1542626070,4,2,False
2,4,ieecgnoa,10,lying,Q1,1542626075,5,2,False
2,4,ieecgnoa,11,lying,Q2,1542626089,14,2,False
2,4,ieecgnoa,12,lying,Q3,1542626111,22,2,False
2,4,ieecgnoa,13,lying,Q4,1542626126,15,2,False
2,4,ieecgnoa,14,lying,Q45,1542626175,49,2,False
2,4,ieecgnoa,15,lying,Q5,1542626417,242,2,False
2,4,ieecgnoa,16,lying,Q6,1542626444,27,2,False
2,4,ieecgnoa,17,lying,Outro,1542626453,9,2,False
2,5,1tof4o1l,1,lying,Ini,1542625519,169,2,False
2,5,1tof4o1l,2,lying,Welcome,1542625717,198,2,False
2,5,1tof4o1l,3,lying,Instructions,1542625906,189,2,False
2,5,1tof4o1l,4,lying,Ready,1542626019,113,2,False
2,5,1tof4o1l,5,lying,ReadyWait,1542626052,33,2,False
2,5,1tof4o1l,6,lying,Countdown,1542626058,6,2,True
2,5,1tof4o1l,7,lying,Rolling,1542626062,4,2,True
2,5,1tof4o1l,8,lying,Decision,1542626066,4,2,False
2,5,1tof4o1l,9,lying,Q0,1542626070,4,2,False
2,5,1tof4o1l,11,lying,Q2,1542626087,17,2,False
2,5,1tof4o1l,12,lying,Q3,1542626101,14,2,False
2,5,1tof4o1l,13,lying,Q4,1542626112,11,2,False
2,5,1tof4o1l,15,lying,Q5,1542626323,211,2,False
2,5,1tof4o1l,16,lying,Q6,1542626355,32,2,False
2,5,1tof4o1l,17,lying,Outro,1542626372,17,2,False
2,6,m1q0sdfh,1,lying,Ini,1542625515,165,2,False
2,6,m1q0sdfh,2,lying,Welcome,1542625711,196,2,False
2,6,m1q0sdfh,3,lying,Instructions,1542625878,167,2,False
2,6,m1q0sdfh,4,lying,Ready,1542625885,7,2,False
2,6,m1q0sdfh,5,lying,ReadyWait,1542626052,167,2,False
2,6,m1q0sdfh,6,lying,Countdown,1542626058,6,2,True
2,6,m1q0sdfh,7,lying,Rolling,1542626062,4,2,True
2,6,m1q0sdfh,8,lying,Decision,1542626067,5,2,False
2,6,m1q0sdfh,9,lying,Q0,1542626070,3,2,False
2,6,m1q0sdfh,11,lying,Q2,1542626085,15,2,False
2,6,m1q0sdfh,12,lying,Q3,1542626096,11,2,False
2,6,m1q0sdfh,13,lying,Q4,1542626113,17,2,False
2,6,m1q0sdfh,15,lying,Q5,1542626569,456,2,False
2,6,m1q0sdfh,16,lying,Q6,1542626615,46,2,False
2,6,m1q0sdfh,17,lying,Outro,1542626652,37,2,False
2,7,gyglunit,1,lying,Ini,1542625484,134,2,False
2,7,gyglunit,2,lying,Welcome,1542625687,203,2,False
2,7,gyglunit,3,lying,Instructions,1542625762,75,2,False
2,7,gyglunit,4,lying,Ready,1542625766,4,2,False
2,7,gyglunit,5,lying,ReadyWait,1542626052,286,2,False
2,7,gyglunit,6,lying,Countdown,1542626057,5,2,True
2,7,gyglunit,7,lying,Rolling,1542626062,5,2,True
2,7,gyglunit,8,lying,Decision,1542626067,5,2,False
2,7,gyglunit,9,lying,Q0,1542626070,3,2,False
2,7,gyglunit,10,lying,Q1,1542626074,4,2,False
2,7,gyglunit,11,lying,Q2,1542626091,17,2,False
2,7,gyglunit,12,lying,Q3,1542626102,11,2,False
2,7,gyglunit,13,lying,Q4,1542626114,12,2,False
2,7,gyglunit,14,lying,Q45,1542626180,66,2,False
2,7,gyglunit,15,lying,Q5,1542626413,233,2,False
2,7,gyglunit,16,lying,Q6,1542626453,40,2,False
2,7,gyglunit,17,lying,Outro,1542626466,13,2,False
2,8,zw5ngnd5,1,lying,Ini,1542625534,184,2,False
2,8,zw5ngnd5,2,lying,Welcome,1542625713,179,2,False
2,8,zw5ngnd5,3,lying,Instructions,1542625985,272,2,False
2,8,zw5ngnd5,4,lying,Ready,1542626046,61,2,False
2,8,zw5ngnd5,5,lying,ReadyWait,1542626052,6,2,False
2,8,zw5ngnd5,6,lying,Countdown,1542626057,5,2,True
2,8,zw5ngnd5,7,lying,Rolling,1542626062,5,2,True
2,8,zw5ngnd5,8,lying,Decision,1542626068,6,2,False
2,8,zw5ngnd5,9,lying,Q0,1542626071,3,2,False
2,8,zw5ngnd5,10,lying,Q1,1542626079,8,2,False
2,8,zw5ngnd5,11,lying,Q2,1542626106,27,2,False
2,8,zw5ngnd5,12,lying,Q3,1542626123,17,2,False
2,8,zw5ngnd5,13,lying,Q4,1542626140,17,2,False
2,8,zw5ngnd5,14,lying,Q45,1542626192,52,2,False
2,8,zw5ngnd5,15,lying,Q5,1542626379,187,2,False
2,8,zw5ngnd5,16,lying,Q6,1542626408,29,2,False
2,8,zw5ngnd5,17,lying,Outro,1542626428,20,2,False
2,9,odktm0a6,1,lying,Ini,1542625530,180,2,False
2,9,odktm0a6,2,lying,Welcome,1542625664,134,2,False
2,9,odktm0a6,3,lying,Instructions,1542625734,70,2,False
2,9,odktm0a6,4,lying,Ready,1542625742,8,2,False
2,9,odktm0a6,5,lying,ReadyWait,1542626052,310,2,False
2,9,odktm0a6,6,lying,Countdown,1542626058,6,2,True
2,9,odktm0a6,7,lying,Rolling,1542626062,4,2,True
2,9,odktm0a6,8,lying,Decision,1542626067,5,2,False
2,9,odktm0a6,9,lying,Q0,1542626069,2,2,False
2,9,odktm0a6,10,lying,Q1,1542626075,6,2,False
2,9,odktm0a6,11,lying,Q2,1542626086,11,2,False
2,9,odktm0a6,12,lying,Q3,1542626097,11,2,False
2,9,odktm0a6,13,lying,Q4,1542626115,18,2,False
2,9,odktm0a6,14,lying,Q45,1542626202,87,2,False
2,9,odktm0a6,15,lying,Q5,1542626284,82,2,False
2,9,odktm0a6,16,lying,Q6,1542626310,26,2,False
2,9,odktm0a6,17,lying,Outro,1542626341,31,2,False
2,10,uqgyb60k,1,lying,Ini,1542625537,187,2,False
2,10,uqgyb60k,2,lying,Welcome,1542625696,159,2,False
2,10,uqgyb60k,3,lying,Instructions,1542625981,285,2,False
2,10,uqgyb60k,4,lying,Ready,1542625999,18,2,False
2,10,uqgyb60k,5,lying,ReadyWait,1542626052,53,2,False
2,10,uqgyb60k,6,lying,Countdown,1542626057,5,2,True
2,10,uqgyb60k,7,lying,Rolling,1542626062,5,2,True
2,10,uqgyb60k,8,lying,Decision,1542626067,5,2,False
2,10,uqgyb60k,9,lying,Q0,1542626071,4,2,False
2,10,uqgyb60k,10,lying,Q1,1542626076,5,2,False
2,10,uqgyb60k,11,lying,Q2,1542626092,16,2,False
2,10,uqgyb60k,12,lying,Q3,1542626117,25,2,False
2,10,uqgyb60k,13,lying,Q4,1542626130,13,2,False
2,10,uqgyb60k,14,lying,Q45,1542626195,65,2,False
2,10,uqgyb60k,15,lying,Q5,1542626404,209,2,False
2,10,uqgyb60k,16,lying,Q6,1542626428,24,2,False
2,10,uqgyb60k,17,lying,Outro,1542626448,20,2,False
2,11,4h9meeyy,1,lying,Ini,1542625489,139,2,False
2,11,4h9meeyy,2,lying,Welcome,1542625727,238,2,False
2,11,4h9meeyy,3,lying,Instructions,1542626033,306,2,False
2,11,4h9meeyy,4,lying,Ready,1542626052,19,2,False
2,11,4h9meeyy,5,lying,ReadyWait,1542626052,0,2,False
2,11,4h9meeyy,6,lying,Countdown,1542626057,5,2,True
2,11,4h9meeyy,7,lying,Rolling,1542626062,5,2,True
2,11,4h9meeyy,8,lying,Decision,1542626069,7,2,False
2,11,4h9meeyy,9,lying,Q0,1542626073,4,2,False
2,11,4h9meeyy,10,lying,Q1,1542626078,5,2,False
2,11,4h9meeyy,11,lying,Q2,1542626098,20,2,False
2,11,4h9meeyy,12,lying,Q3,1542626120,22,2,False
2,11,4h9meeyy,13,lying,Q4,1542626132,12,2,False
2,11,4h9meeyy,14,lying,Q45,1542626205,73,2,False
2,11,4h9meeyy,15,lying,Q5,1542626431,226,2,False
2,11,4h9meeyy,16,lying,Q6,1542626464,33,2,False
2,11,4h9meeyy,17,lying,Outro,1542626478,14,2,False
2,12,21gz3mo8,1,lying,Ini,1542625526,176,2,False
2,12,21gz3mo8,2,lying,Welcome,1542625714,188,2,False
2,12,21gz3mo8,3,lying,Instructions,1542625867,153,2,False
2,12,21gz3mo8,4,lying,Ready,1542625877,10,2,False
2,12,21gz3mo8,5,lying,ReadyWait,1542626052,175,2,False
2,12,21gz3mo8,6,lying,Countdown,1542626057,5,2,True
2,12,21gz3mo8,7,lying,Rolling,1542626062,5,2,True
2,12,21gz3mo8,8,lying,Decision,1542626066,4,2,False
2,12,21gz3mo8,9,lying,Q0,1542626069,3,2,False
2,12,21gz3mo8,10,lying,Q1,1542626079,10,2,False
2,12,21gz3mo8,11,lying,Q2,1542626094,15,2,False
2,12,21gz3mo8,12,lying,Q3,1542626106,12,2,False
2,12,21gz3mo8,13,lying,Q4,1542626119,13,2,False
2,12,21gz3mo8,14,lying,Q45,1542626141,22,2,False
2,12,21gz3mo8,15,lying,Q5,1542626435,294,2,False
2,12,21gz3mo8,16,lying,Q6,1542626466,31,2,False
2,12,21gz3mo8,17,lying,Outro,1542626478,12,2,False
2,13,knr5ynns,1,lying,Ini,1542625508,158,2,False
2,13,knr5ynns,2,lying,Welcome,1542625735,227,2,False
2,13,knr5ynns,3,lying,Instructions,1542625941,206,2,False
2,13,knr5ynns,4,lying,Ready,1542625959,18,2,False
2,13,knr5ynns,5,lying,ReadyWait,1542626052,93,2,False
2,13,knr5ynns,6,lying,Countdown,1542626058,6,2,True
2,13,knr5ynns,7,lying,Rolling,1542626062,4,2,True
2,13,knr5ynns,8,lying,Decision,1542626066,4,2,False
2,13,knr5ynns,9,lying,Q0,1542626071,5,2,False
2,13,knr5ynns,11,lying,Q2,1542626095,24,2,False
2,13,knr5ynns,12,lying,Q3,1542626121,26,2,False
2,13,knr5ynns,13,lying,Q4,1542626134,13,2,False
2,13,knr5ynns,15,lying,Q5,1542626551,417,2,False
2,13,knr5ynns,16,lying,Q6,1542626590,39,2,False
2,13,knr5ynns,17,lying,Outro,1542626600,10,2,False
2,14,hit7fkr0,1,lying,Ini,1542625522,172,2,False
2,14,hit7fkr0,2,lying,Welcome,1542625721,199,2,False
2,14,hit7fkr0,3,lying,Instructions,1542625786,65,2,False
2,14,hit7fkr0,4,lying,Ready,1542625838,52,2,False
2,14,hit7fkr0,5,lying,ReadyWait,1542626052,214,2,False
2,14,hit7fkr0,6,lying,Countdown,1542626057,5,2,True
2,14,hit7fkr0,7,lying,Rolling,1542626061,4,2,True
2,14,hit7fkr0,8,lying,Decision,1542626067,6,2,False
2,14,hit7fkr0,9,lying,Q0,1542626070,3,2,False
2,14,hit7fkr0,11,lying,Q2,1542626093,23,2,False
2,14,hit7fkr0,12,lying,Q3,1542626106,13,2,False
2,14,hit7fkr0,13,lying,Q4,1542626114,8,2,False
2,14,hit7fkr0,15,lying,Q5,1542626355,241,2,False
2,14,hit7fkr0,16,lying,Q6,1542626382,27,2,False
2,14,hit7fkr0,17,lying,Outro,1542626398,16,2,False
3,1,f9rtw1st,1,lying,Ini,1542629035,126,3,False
3,1,f9rtw1st,2,lying,Welcome,1542629186,151,3,False
3,1,f9rtw1st,3,lying,Instructions,1542629394,208,3,False
3,1,f9rtw1st,4,lying,Ready,1542629600,206,3,False
3,1,f9rtw1st,5,lying,ReadyWait,1542629601,1,3,False
3,1,f9rtw1st,6,lying,Countdown,1542629606,5,3,True
3,1,f9rtw1st,7,lying,Rolling,1542629610,4,3,True
3,1,f9rtw1st,8,lying,Decision,1542629615,5,3,False
3,1,f9rtw1st,9,lying,Q0,1542629618,3,3,False
3,1,f9rtw1st,11,lying,Q2,1542629641,23,3,False
3,1,f9rtw1st,12,lying,Q3,1542629653,12,3,False
3,1,f9rtw1st,13,lying,Q4,1542629665,12,3,False
3,1,f9rtw1st,15,lying,Q5,1542629863,198,3,False
3,1,f9rtw1st,16,lying,Q6,1542629905,42,3,False
3,1,f9rtw1st,17,lying,Outro,1542629924,19,3,False
3,2,9nhzlx1g,1,lying,Ini,1542629016,107,3,False
3,2,9nhzlx1g,2,lying,Welcome,1542629254,238,3,False
3,2,9nhzlx1g,3,lying,Instructions,1542629422,168,3,False
3,2,9nhzlx1g,4,lying,Ready,1542629448,26,3,False
3,2,9nhzlx1g,5,lying,ReadyWait,1542629601,153,3,False
3,2,9nhzlx1g,6,lying,Countdown,1542629606,5,3,True
3,2,9nhzlx1g,7,lying,Rolling,1542629611,5,3,True
3,2,9nhzlx1g,8,lying,Decision,1542629615,4,3,False
3,2,9nhzlx1g,9,lying,Q0,1542629618,3,3,False
3,2,9nhzlx1g,11,lying,Q2,1542629636,18,3,False
3,2,9nhzlx1g,12,lying,Q3,1542629659,23,3,False
3,2,9nhzlx1g,13,lying,Q4,1542629682,23,3,False
3,2,9nhzlx1g,15,lying,Q5,1542629780,98,3,False
3,2,9nhzlx1g,16,lying,Q6,1542629816,36,3,False
3,2,9nhzlx1g,17,lying,Outro,1542629842,26,3,False
3,3,s4l1ohaw,1,lying,Ini,1542628999,90,3,False
3,3,s4l1ohaw,2,lying,Welcome,1542629220,221,3,False
3,3,s4l1ohaw,3,lying,Instructions,1542629349,129,3,False
3,3,s4l1ohaw,4,lying,Ready,1542629360,11,3,False
3,3,s4l1ohaw,5,lying,ReadyWait,1542629601,241,3,False
3,3,s4l1ohaw,6,lying,Countdown,1542629606,5,3,True
3,3,s4l1ohaw,7,lying,Rolling,1542629610,4,3,True
3,3,s4l1ohaw,8,lying,Decision,1542629615,5,3,False
3,3,s4l1ohaw,9,lying,Q0,1542629619,4,3,False
3,3,s4l1ohaw,10,lying,Q1,1542629623,4,3,False
3,3,s4l1ohaw,11,lying,Q2,1542629639,16,3,False
3,3,s4l1ohaw,12,lying,Q3,1542629652,13,3,False
3,3,s4l1ohaw,13,lying,Q4,1542629660,8,3,False
3,3,s4l1ohaw,14,lying,Q45,1542629712,52,3,False
3,3,s4l1ohaw,15,lying,Q5,1542629833,121,3,False
3,3,s4l1ohaw,16,lying,Q6,1542629856,23,3,False
3,3,s4l1ohaw,17,lying,Outro,1542629902,46,3,False
3,4,yu7poanz,1,lying,Ini,1542629001,92,3,False
3,4,yu7poanz,2,lying,Welcome,1542629243,242,3,False
3,4,yu7poanz,3,lying,Instructions,1542629360,117,3,False
3,4,yu7poanz,4,lying,Ready,1542629371,11,3,False
3,4,yu7poanz,5,lying,ReadyWait,1542629601,230,3,False
3,4,yu7poanz,6,lying,Countdown,1542629606,5,3,True
3,4,yu7poanz,7,lying,Rolling,1542629610,4,3,True
3,4,yu7poanz,8,lying,Decision,1542629619,9,3,False
3,4,yu7poanz,9,lying,Q0,1542629621,2,3,False
3,4,yu7poanz,10,lying,Q1,1542629627,6,3,False
3,4,yu7poanz,11,lying,Q2,1542629641,14,3,False
3,4,yu7poanz,12,lying,Q3,1542629662,21,3,False
3,4,yu7poanz,13,lying,Q4,1542629669,7,3,False
3,4,yu7poanz,14,lying,Q45,1542629696,27,3,False
3,4,yu7poanz,15,lying,Q5,1542629761,65,3,False
3,4,yu7poanz,16,lying,Q6,1542629794,33,3,False
3,4,yu7poanz,17,lying,Outro,1542629817,23,3,False
3,5,c9iyf1lu,1,lying,Ini,1542629009,100,3,False
3,5,c9iyf1lu,2,lying,Welcome,1542629224,215,3,False
3,5,c9iyf1lu,3,lying,Instructions,1542629316,92,3,False
3,5,c9iyf1lu,4,lying,Ready,1542629327,11,3,False
3,5,c9iyf1lu,5,lying,ReadyWait,1542629601,274,3,False
3,5,c9iyf1lu,6,lying,Countdown,1542629606,5,3,True
3,5,c9iyf1lu,7,lying,Rolling,1542629611,5,3,True
3,5,c9iyf1lu,8,lying,Decision,1542629618,7,3,False
3,5,c9iyf1lu,9,lying,Q0,1542629623,5,3,False
3,5,c9iyf1lu,10,lying,Q1,1542629628,5,3,False
3,5,c9iyf1lu,11,lying,Q2,1542629649,21,3,False
3,5,c9iyf1lu,12,lying,Q3,1542629661,12,3,False
3,5,c9iyf1lu,13,lying,Q4,1542629677,16,3,False
3,5,c9iyf1lu,14,lying,Q45,1542629728,51,3,False
3,5,c9iyf1lu,15,lying,Q5,1542629797,69,3,False
3,5,c9iyf1lu,16,lying,Q6,1542629827,30,3,False
3,5,c9iyf1lu,17,lying,Outro,1542629841,14,3,False
3,6,8l01ik8k,1,lying,Ini,1542629031,122,3,False
3,6,8l01ik8k,2,lying,Welcome,1542629263,232,3,False
3,6,8l01ik8k,3,lying,Instructions,1542629351,88,3,False
3,6,8l01ik8k,4,lying,Ready,1542629360,9,3,False
3,6,8l01ik8k,5,lying,ReadyWait,1542629601,241,3,False
3,6,8l01ik8k,6,lying,Countdown,1542629606,5,3,True
3,6,8l01ik8k,7,lying,Rolling,1542629610,4,3,True
3,6,8l01ik8k,8,lying,Decision,1542629618,8,3,False
3,6,8l01ik8k,9,lying,Q0,1542629621,3,3,False
3,6,8l01ik8k,11,lying,Q2,1542629644,23,3,False
3,6,8l01ik8k,12,lying,Q3,1542629660,16,3,False
3,6,8l01ik8k,13,lying,Q4,1542629672,12,3,False
3,6,8l01ik8k,15,lying,Q5,1542629767,95,3,False
3,6,8l01ik8k,16,lying,Q6,1542629797,30,3,False
3,6,8l01ik8k,17,lying,Outro,1542629816,19,3,False
3,7,abx6u8fd,1,lying,Ini,1542629020,111,3,False
3,7,abx6u8fd,2,lying,Welcome,1542629225,205,3,False
3,7,abx6u8fd,3,lying,Instructions,1542629327,102,3,False
3,7,abx6u8fd,4,lying,Ready,1542629334,7,3,False
3,7,abx6u8fd,5,lying,ReadyWait,1542629601,267,3,False
3,7,abx6u8fd,6,lying,Countdown,1542629606,5,3,True
3,7,abx6u8fd,7,lying,Rolling,1542629610,4,3,True
3,7,abx6u8fd,8,lying,Decision,1542629614,4,3,False
3,7,abx6u8fd,9,lying,Q0,1542629618,4,3,False
3,7,abx6u8fd,11,lying,Q2,1542629637,19,3,False
3,7,abx6u8fd,12,lying,Q3,1542629651,14,3,False
3,7,abx6u8fd,13,lying,Q4,1542629659,8,3,False
3,7,abx6u8fd,15,lying,Q5,1542629722,63,3,False
3,7,abx6u8fd,16,lying,Q6,1542629746,24,3,False
3,7,abx6u8fd,17,lying,Outro,1542629783,37,3,False
3,8,hmlyp7ff,1,lying,Ini,1542629013,104,3,False
3,8,hmlyp7ff,2,lying,Welcome,1542629202,189,3,False
3,8,hmlyp7ff,3,lying,Instructions,1542629323,121,3,False
3,8,hmlyp7ff,4,lying,Ready,1542629342,19,3,False
3,8,hmlyp7ff,5,lying,ReadyWait,1542629601,259,3,False
3,8,hmlyp7ff,6,lying,Countdown,1542629606,5,3,True
3,8,hmlyp7ff,7,lying,Rolling,1542629610,4,3,True
3,8,hmlyp7ff,8,lying,Decision,1542629638,28,3,False
3,8,hmlyp7ff,9,lying,Q0,1542629641,3,3,False
3,8,hmlyp7ff,11,lying,Q2,1542629668,27,3,False
3,8,hmlyp7ff,12,lying,Q3,1542629702,34,3,False
3,8,hmlyp7ff,13,lying,Q4,1542629723,21,3,False
3,8,hmlyp7ff,15,lying,Q5,1542629852,129,3,False
3,8,hmlyp7ff,16,lying,Q6,1542629875,23,3,False
3,8,hmlyp7ff,17,lying,Outro,1542629890,15,3,False
3,9,p3uymypa,1,lying,Ini,1542629006,97,3,False
3,9,p3uymypa,2,lying,Welcome,1542629229,223,3,False
3,9,p3uymypa,3,lying,Instructions,1542629357,128,3,False
3,9,p3uymypa,4,lying,Ready,1542629398,41,3,False
3,9,p3uymypa,5,lying,ReadyWait,1542629601,203,3,False
3,9,p3uymypa,6,lying,Countdown,1542629606,5,3,True
3,9,p3uymypa,7,lying,Rolling,1542629610,4,3,True
3,9,p3uymypa,8,lying,Decision,1542629613,3,3,False
3,9,p3uymypa,9,lying,Q0,1542629616,3,3,False
3,9,p3uymypa,10,lying,Q1,1542629622,6,3,False
3,9,p3uymypa,11,lying,Q2,1542629636,14,3,False
3,9,p3uymypa,12,lying,Q3,1542629648,12,3,False
3,9,p3uymypa,13,lying,Q4,1542629658,10,3,False
3,9,p3uymypa,14,lying,Q45,1542629725,67,3,False
3,9,p3uymypa,15,lying,Q5,1542629812,87,3,False
3,9,p3uymypa,16,lying,Q6,1542629837,25,3,False
3,9,p3uymypa,17,lying,Outro,1542629853,16,3,False
4,1,8v9216fw,1,lying,Ini,1542632409,168,4,False
4,1,8v9216fw,2,lying,Welcome,1542632829,420,4,False
4,1,8v9216fw,3,lying,Instructions,1542632955,126,4,False
4,1,8v9216fw,4,lying,Ready,1542632978,23,4,False
4,1,8v9216fw,5,lying,ReadyWait,1542633119,141,4,False
4,1,8v9216fw,6,lying,Countdown,1542633124,5,4,True
4,1,8v9216fw,7,lying,Rolling,1542633129,5,4,True
4,1,8v9216fw,8,lying,Decision,1542633132,3,4,False
4,1,8v9216fw,9,lying,Q0,1542633136,4,4,False
4,1,8v9216fw,10,lying,Q1,1542633143,7,4,False
4,1,8v9216fw,11,lying,Q2,1542633160,17,4,False
4,1,8v9216fw,12,lying,Q3,1542633174,14,4,False
4,1,8v9216fw,13,lying,Q4,1542633184,10,4,False
4,1,8v9216fw,14,lying,Q45,1542633290,106,4,False
4,1,8v9216fw,15,lying,Q5,1542633363,73,4,False
4,1,8v9216fw,16,lying,Q6,1542633394,31,4,False
4,1,8v9216fw,17,lying,Outro,1542633405,11,4,False
4,2,57unkx1x,1,lying,Ini,1542632462,221,4,False
4,2,57unkx1x,2,lying,Welcome,1542632809,347,4,False
4,2,57unkx1x,3,lying,Instructions,1542632942,133,4,False
4,2,57unkx1x,4,lying,Ready,1542632955,13,4,False
4,2,57unkx1x,5,lying,ReadyWait,1542633119,164,4,False
4,2,57unkx1x,6,lying,Countdown,1542633124,5,4,True
4,2,57unkx1x,7,lying,Rolling,1542633129,5,4,True
4,2,57unkx1x,8,lying,Decision,1542633134,5,4,False
4,2,57unkx1x,9,lying,Q0,1542633138,4,4,False
4,2,57unkx1x,11,lying,Q2,1542633159,21,4,False
4,2,57unkx1x,12,lying,Q3,1542633181,22,4,False
4,2,57unkx1x,13,lying,Q4,1542633204,23,4,False
4,2,57unkx1x,15,lying,Q5,1542633297,93,4,False
4,2,57unkx1x,16,lying,Q6,1542633323,26,4,False
4,2,57unkx1x,17,lying,Outro,1542633336,13,4,False
4,3,u0ghtcr2,1,lying,Ini,1542632402,161,4,False
4,3,u0ghtcr2,2,lying,Welcome,1542632930,528,4,False
4,3,u0ghtcr2,3,lying,Instructions,1542633099,169,4,False
4,3,u0ghtcr2,4,lying,Ready,1542633119,20,4,False
4,3,u0ghtcr2,5,lying,ReadyWait,1542633119,0,4,False
4,3,u0ghtcr2,6,lying,Countdown,1542633124,5,4,True
4,3,u0ghtcr2,7,lying,Rolling,1542633128,4,4,True
4,3,u0ghtcr2,8,lying,Decision,1542633135,7,4,False
4,3,u0ghtcr2,9,lying,Q0,1542633138,3,4,False
4,3,u0ghtcr2,10,lying,Q1,1542633150,12,4,False
4,3,u0ghtcr2,11,lying,Q2,1542633179,29,4,False
4,3,u0ghtcr2,12,lying,Q3,1542633204,25,4,False
4,3,u0ghtcr2,13,lying,Q4,1542633219,15,4,False
4,3,u0ghtcr2,14,lying,Q45,1542633343,124,4,False
4,3,u0ghtcr2,15,lying,Q5,1542633464,121,4,False
4,3,u0ghtcr2,16,lying,Q6,1542633503,39,4,False
4,3,u0ghtcr2,17,lying,Outro,1542633548,45,4,False
4,4,ed8pfzqr,1,lying,Ini,1542632421,180,4,False
4,4,ed8pfzqr,2,lying,Welcome,1542632788,367,4,False
4,4,ed8pfzqr,3,lying,Instructions,1542632897,109,4,False
4,4,ed8pfzqr,4,lying,Ready,1542632902,5,4,False
4,4,ed8pfzqr,5,lying,ReadyWait,1542633119,217,4,False
4,4,ed8pfzqr,6,lying,Countdown,1542633125,6,4,True
4,4,ed8pfzqr,7,lying,Rolling,1542633129,4,4,True
4,4,ed8pfzqr,8,lying,Decision,1542633134,5,4,False
4,4,ed8pfzqr,9,lying,Q0,1542633138,4,4,False
4,4,ed8pfzqr,11,lying,Q2,1542633154,16,4,False
4,4,ed8pfzqr,12,lying,Q3,1542633171,17,4,False
4,4,ed8pfzqr,13,lying,Q4,1542633183,12,4,False
4,4,ed8pfzqr,15,lying,Q5,1542633289,106,4,False
4,4,ed8pfzqr,16,lying,Q6,1542633317,28,4,False
4,4,ed8pfzqr,17,lying,Outro,1542633346,29,4,False
4,5,5h344y1i,1,lying,Ini,1542632417,176,4,False
4,5,5h344y1i,2,lying,Welcome,1542632872,455,4,False
4,5,5h344y1i,3,lying,Instructions,1542633043,171,4,False
4,5,5h344y1i,4,lying,Ready,1542633058,15,4,False
4,5,5h344y1i,5,lying,ReadyWait,1542633119,61,4,False
4,5,5h344y1i,6,lying,Countdown,1542633125,6,4,True
4,5,5h344y1i,7,lying,Rolling,1542633129,4,4,True
4,5,5h344y1i,8,lying,Decision,1542633134,5,4,False
4,5,5h344y1i,9,lying,Q0,1542633143,9,4,False
4,5,5h344y1i,11,lying,Q2,1542633163,20,4,False
4,5,5h344y1i,12,lying,Q3,1542633175,12,4,False
4,5,5h344y1i,13,lying,Q4,1542633220,45,4,False
4,5,5h344y1i,15,lying,Q5,1542633500,280,4,False
4,5,5h344y1i,16,lying,Q6,1542633530,30,4,False
4,5,5h344y1i,17,lying,Outro,1542633550,20,4,False
4,6,3xyecx77,1,lying,Ini,1542632466,225,4,False
4,6,3xyecx77,2,lying,Welcome,1542632826,360,4,False
4,6,3xyecx77,3,lying,Instructions,1542633039,213,4,False
4,6,3xyecx77,4,lying,Ready,1542633047,8,4,False
4,6,3xyecx77,5,lying,ReadyWait,1542633119,72,4,False
4,6,3xyecx77,6,lying,Countdown,1542633124,5,4,True
4,6,3xyecx77,7,lying,Rolling,1542633128,4,4,True
4,6,3xyecx77,8,lying,Decision,1542633133,5,4,False
4,6,3xyecx77,9,lying,Q0,1542633136,3,4,False
4,6,3xyecx77,11,lying,Q2,1542633153,17,4,False
4,6,3xyecx77,12,lying,Q3,1542633176,23,4,False
4,6,3xyecx77,13,lying,Q4,1542633185,9,4,False
4,6,3xyecx77,15,lying,Q5,1542633405,220,4,False
4,6,3xyecx77,16,lying,Q6,1542633449,44,4,False
4,6,3xyecx77,17,lying,Outro,1542633473,24,4,False
4,7,te468y5p,1,lying,Ini,1542632450,209,4,False
4,7,te468y5p,2,lying,Welcome,1542632857,407,4,False
4,7,te468y5p,3,lying,Instructions,1542633008,151,4,False
4,7,te468y5p,4,lying,Ready,1542633016,8,4,False
4,7,te468y5p,5,lying,ReadyWait,1542633119,103,4,False
4,7,te468y5p,6,lying,Countdown,1542633125,6,4,True
4,7,te468y5p,7,lying,Rolling,1542633129,4,4,True
4,7,te468y5p,8,lying,Decision,1542633134,5,4,False
4,7,te468y5p,9,lying,Q0,1542633137,3,4,False
4,7,te468y5p,10,lying,Q1,1542633143,6,4,False
4,7,te468y5p,11,lying,Q2,1542633160,17,4,False
4,7,te468y5p,12,lying,Q3,1542633173,13,4,False
4,7,te468y5p,13,lying,Q4,1542633182,9,4,False
4,7,te468y5p,14,lying,Q45,1542633248,66,4,False
4,7,te468y5p,15,lying,Q5,1542633406,158,4,False
4,7,te468y5p,16,lying,Q6,1542633431,25,4,False
4,7,te468y5p,17,lying,Outro,1542633454,23,4,False
4,8,poz055hz,1,lying,Ini,1542632447,206,4,False
4,8,poz055hz,2,lying,Welcome,1542632862,415,4,False
4,8,poz055hz,3,lying,Instructions,1542632998,136,4,False
4,8,poz055hz,4,lying,Ready,1542633008,10,4,False
4,8,poz055hz,5,lying,ReadyWait,1542633119,111,4,False
4,8,poz055hz,6,lying,Countdown,1542633124,5,4,True
4,8,poz055hz,7,lying,Rolling,1542633129,5,4,True
4,8,poz055hz,8,lying,Decision,1542633134,5,4,False
4,8,poz055hz,9,lying,Q0,1542633138,4,4,False
4,8,poz055hz,10,lying,Q1,1542633146,8,4,False
4,8,poz055hz,11,lying,Q2,1542633168,22,4,False
4,8,poz055hz,12,lying,Q3,1542633184,16,4,False
4,8,poz055hz,13,lying,Q4,1542633216,32,4,False
4,8,poz055hz,14,lying,Q45,1542633292,76,4,False
4,8,poz055hz,15,lying,Q5,1542633388,96,4,False
4,8,poz055hz,16,lying,Q6,1542633451,63,4,False
4,8,poz055hz,17,lying,Outro,1542633470,19,4,False
4,9,uifrr2bi,1,lying,Ini,1542632439,198,4,False
4,9,uifrr2bi,2,lying,Welcome,1542632834,395,4,False
4,9,uifrr2bi,3,lying,Instructions,1542633048,214,4,False
4,9,uifrr2bi,4,lying,Ready,1542633056,8,4,False
4,9,uifrr2bi,5,lying,ReadyWait,1542633119,63,4,False
4,9,uifrr2bi,6,lying,Countdown,1542633124,5,4,True
4,9,uifrr2bi,7,lying,Rolling,1542633128,4,4,True
4,9,uifrr2bi,8,lying,Decision,1542633137,9,4,False
4,9,uifrr2bi,9,lying,Q0,1542633142,5,4,False
4,9,uifrr2bi,11,lying,Q2,1542633166,24,4,False
4,9,uifrr2bi,12,lying,Q3,1542633180,14,4,False
4,9,uifrr2bi,13,lying,Q4,1542633203,23,4,False
4,9,uifrr2bi,15,lying,Q5,1542633291,88,4,False
4,9,uifrr2bi,16,lying,Q6,1542633322,31,4,False
4,9,uifrr2bi,17,lying,Outro,1542633336,14,4,False
4,10,zq896de0,1,lying,Ini,1542632454,213,4,False
4,10,zq896de0,2,lying,Welcome,1542632825,371,4,False
4,10,zq896de0,3,lying,Instructions,1542632915,90,4,False
4,10,zq896de0,4,lying,Ready,1542632925,10,4,False
4,10,zq896de0,5,lying,ReadyWait,1542633119,194,4,False
4,10,zq896de0,6,lying,Countdown,1542633124,5,4,True
4,10,zq896de0,7,lying,Rolling,1542633129,5,4,True
4,10,zq896de0,8,lying,Decision,1542633134,5,4,False
4,10,zq896de0,9,lying,Q0,1542633136,2,4,False
4,10,zq896de0,10,lying,Q1,1542633140,4,4,False
4,10,zq896de0,11,lying,Q2,1542633170,30,4,False
4,10,zq896de0,12,lying,Q3,1542633184,14,4,False
4,10,zq896de0,13,lying,Q4,1542633203,19,4,False
4,10,zq896de0,14,lying,Q45,1542633262,59,4,False
4,10,zq896de0,15,lying,Q5,1542633348,86,4,False
4,10,zq896de0,16,lying,Q6,1542633376,28,4,False
4,10,zq896de0,17,lying,Outro,1542633381,5,4,False
4,11,gkah9cvg,1,lying,Ini,1542632435,194,4,False
4,11,gkah9cvg,2,lying,Welcome,1542632785,350,4,False
4,11,gkah9cvg,3,lying,Instructions,1542632893,108,4,False
4,11,gkah9cvg,4,lying,Ready,1542632899,6,4,False
4,11,gkah9cvg,5,lying,ReadyWait,1542633119,220,4,False
4,11,gkah9cvg,6,lying,Countdown,1542633125,6,4,True
4,11,gkah9cvg,7,lying,Rolling,1542633129,4,4,True
4,11,gkah9cvg,8,lying,Decision,1542633133,4,4,False
4,11,gkah9cvg,9,lying,Q0,1542633136,3,4,False
4,11,gkah9cvg,11,lying,Q2,1542633154,18,4,False
4,11,gkah9cvg,12,lying,Q3,1542633169,15,4,False
4,11,gkah9cvg,13,lying,Q4,1542633180,11,4,False
4,11,gkah9cvg,15,lying,Q5,1542633262,82,4,False
4,11,gkah9cvg,16,lying,Q6,1542633288,26,4,False
4,11,gkah9cvg,17,lying,Outro,1542633303,15,4,False
4,12,7nfvp2sr,1,lying,Ini,1542632413,172,4,False
4,12,7nfvp2sr,2,lying,Welcome,1542632846,433,4,False
4,12,7nfvp2sr,3,lying,Instructions,1542632928,82,4,False
4,12,7nfvp2sr,4,lying,Ready,1542632935,7,4,False
4,12,7nfvp2sr,5,lying,ReadyWait,1542633119,184,4,False
4,12,7nfvp2sr,6,lying,Countdown,1542633124,5,4,True
4,12,7nfvp2sr,7,lying,Rolling,1542633129,5,4,True
4,12,7nfvp2sr,8,lying,Decision,1542633136,7,4,False
4,12,7nfvp2sr,9,lying,Q0,1542633138,2,4,False
4,12,7nfvp2sr,10,lying,Q1,1542633143,5,4,False
4,12,7nfvp2sr,11,lying,Q2,1542633159,16,4,False
4,12,7nfvp2sr,12,lying,Q3,1542633172,13,4,False
4,12,7nfvp2sr,13,lying,Q4,1542633184,12,4,False
4,12,7nfvp2sr,14,lying,Q45,1542633272,88,4,False
4,12,7nfvp2sr,15,lying,Q5,1542633374,102,4,False
4,12,7nfvp2sr,16,lying,Q6,1542633395,21,4,False
4,12,7nfvp2sr,17,lying,Outro,1542633413,18,4,False
4,13,16pudvx7,1,lying,Ini,1542632470,229,4,False
4,13,16pudvx7,2,lying,Welcome,1542632798,328,4,False
4,13,16pudvx7,3,lying,Instructions,1542632914,116,4,False
4,13,16pudvx7,4,lying,Ready,1542632920,6,4,False
4,13,16pudvx7,5,lying,ReadyWait,1542633119,199,4,False
4,13,16pudvx7,6,lying,Countdown,1542633125,6,4,True
4,13,16pudvx7,7,lying,Rolling,1542633129,4,4,True
4,13,16pudvx7,8,lying,Decision,1542633133,4,4,False
4,13,16pudvx7,9,lying,Q0,1542633137,4,4,False
4,13,16pudvx7,11,lying,Q2,1542633153,16,4,False
4,13,16pudvx7,12,lying,Q3,1542633169,16,4,False
4,13,16pudvx7,13,lying,Q4,1542633187,18,4,False
4,13,16pudvx7,15,lying,Q5,1542633333,146,4,False
4,13,16pudvx7,16,lying,Q6,1542633356,23,4,False
4,13,16pudvx7,17,lying,Outro,1542633377,21,4,False
4,14,wk44og6v,1,lying,Ini,1542632406,165,4,False
4,14,wk44og6v,2,lying,Welcome,1542632847,441,4,False
4,14,wk44og6v,3,lying,Instructions,1542632985,138,4,False
4,14,wk44og6v,4,lying,Ready,1542633008,23,4,False
4,14,wk44og6v,5,lying,ReadyWait,1542633119,111,4,False
4,14,wk44og6v,6,lying,Countdown,1542633124,5,4,True
4,14,wk44og6v,7,lying,Rolling,1542633129,5,4,True
4,14,wk44og6v,8,lying,Decision,1542633142,13,4,False
4,14,wk44og6v,9,lying,Q0,1542633146,4,4,False
4,14,wk44og6v,10,lying,Q1,1542633155,9,4,False
4,14,wk44og6v,11,lying,Q2,1542633184,29,4,False
4,14,wk44og6v,12,lying,Q3,1542633230,46,4,False
4,14,wk44og6v,13,lying,Q4,1542633243,13,4,False
4,14,wk44og6v,14,lying,Q45,1542633341,98,4,False
4,14,wk44og6v,15,lying,Q5,1542633480,139,4,False
4,14,wk44og6v,16,lying,Q6,1542633528,48,4,False
4,14,wk44og6v,17,lying,Outro,1542633541,13,4,False
4,15,2jzefefg,1,lying,Ini,1542632444,203,4,False
4,15,2jzefefg,2,lying,Welcome,1542632826,382,4,False
4,15,2jzefefg,3,lying,Instructions,1542633004,178,4,False
4,15,2jzefefg,4,lying,Ready,1542633023,19,4,False
4,15,2jzefefg,5,lying,ReadyWait,1542633119,96,4,False
4,15,2jzefefg,6,lying,Countdown,1542633126,7,4,True
4,15,2jzefefg,7,lying,Rolling,1542633130,4,4,True
4,15,2jzefefg,8,lying,Decision,1542633139,9,4,False
4,15,2jzefefg,9,lying,Q0,1542633143,4,4,False
4,15,2jzefefg,10,lying,Q1,1542633150,7,4,False
4,15,2jzefefg,11,lying,Q2,1542633165,15,4,False
4,15,2jzefefg,12,lying,Q3,1542633184,19,4,False
4,15,2jzefefg,13,lying,Q4,1542633196,12,4,False
4,15,2jzefefg,14,lying,Q45,1542633273,77,4,False
4,15,2jzefefg,15,lying,Q5,1542633386,113,4,False
4,15,2jzefefg,16,lying,Q6,1542633438,52,4,False
4,15,2jzefefg,17,lying,Outro,1542633464,26,4,False
4,16,l7kffmtk,1,lying,Ini,1542632459,218,4,False
4,16,l7kffmtk,2,lying,Welcome,1542632851,392,4,False
4,16,l7kffmtk,3,lying,Instructions,1542633042,191,4,False
4,16,l7kffmtk,4,lying,Ready,1542633048,6,4,False
4,16,l7kffmtk,5,lying,ReadyWait,1542633119,71,4,False
4,16,l7kffmtk,6,lying,Countdown,1542633124,5,4,True
4,16,l7kffmtk,7,lying,Rolling,1542633129,5,4,True
4,16,l7kffmtk,8,lying,Decision,1542633133,4,4,False
4,16,l7kffmtk,9,lying,Q0,1542633135,2,4,False
4,16,l7kffmtk,10,lying,Q1,1542633139,4,4,False
4,16,l7kffmtk,11,lying,Q2,1542633157,18,4,False
4,16,l7kffmtk,12,lying,Q3,1542633167,10,4,False
4,16,l7kffmtk,13,lying,Q4,1542633174,7,4,False
4,16,l7kffmtk,14,lying,Q45,1542633277,103,4,False
4,16,l7kffmtk,15,lying,Q5,1542633344,67,4,False
4,16,l7kffmtk,16,lying,Q6,1542633373,29,4,False
4,16,l7kffmtk,17,lying,Outro,1542633388,15,4,False
4,17,zx7qzgja,1,lying,Ini,1542632431,189,4,False
4,17,zx7qzgja,2,lying,Welcome,1542632781,350,4,False
4,17,zx7qzgja,3,lying,Instructions,1542632884,103,4,False
4,17,zx7qzgja,4,lying,Ready,1542632892,8,4,False
4,17,zx7qzgja,5,lying,ReadyWait,1542633119,227,4,False
4,17,zx7qzgja,6,lying,Countdown,1542633124,5,4,True
4,17,zx7qzgja,7,lying,Rolling,1542633129,5,4,True
4,17,zx7qzgja,8,lying,Decision,1542633145,16,4,False
4,17,zx7qzgja,9,lying,Q0,1542633149,4,4,False
4,17,zx7qzgja,11,lying,Q2,1542633169,20,4,False
4,17,zx7qzgja,12,lying,Q3,1542633186,17,4,False
4,17,zx7qzgja,13,lying,Q4,1542633197,11,4,False
4,17,zx7qzgja,15,lying,Q5,1542633287,90,4,False
4,17,zx7qzgja,16,lying,Q6,1542633311,24,4,False
4,17,zx7qzgja,17,lying,Outro,1542633338,27,4,False
4,18,nlydazjd,1,lying,Ini,1542632424,182,4,False
4,18,nlydazjd,2,lying,Welcome,1542632819,395,4,False
4,18,nlydazjd,3,lying,Instructions,1542632966,147,4,False
4,18,nlydazjd,4,lying,Ready,1542632977,11,4,False
4,18,nlydazjd,5,lying,ReadyWait,1542633119,142,4,False
4,18,nlydazjd,6,lying,Countdown,1542633125,6,4,True
4,18,nlydazjd,7,lying,Rolling,1542633129,4,4,True
4,18,nlydazjd,8,lying,Decision,1542633134,5,4,False
4,18,nlydazjd,9,lying,Q0,1542633136,2,4,False
4,18,nlydazjd,11,lying,Q2,1542633153,17,4,False
4,18,nlydazjd,12,lying,Q3,1542633172,19,4,False
4,18,nlydazjd,13,lying,Q4,1542633183,11,4,False
4,18,nlydazjd,15,lying,Q5,1542633277,94,4,False
4,18,nlydazjd,16,lying,Q6,1542633308,31,4,False
4,18,nlydazjd,17,lying,Outro,1542633320,12,4,False
5,1,9pef6xou,1,lying,Ini,1542636246,155,5,False
5,1,9pef6xou,2,lying,Welcome,1542636476,230,5,False
5,1,9pef6xou,3,lying,Instructions,1542636563,87,5,False
5,1,9pef6xou,4,lying,Ready,1542636573,10,5,False
5,1,9pef6xou,5,lying,ReadyWait,1542636649,76,5,False
5,1,9pef6xou,6,lying,Countdown,1542636655,6,5,True
5,1,9pef6xou,7,lying,Rolling,1542636659,4,5,True
5,1,9pef6xou,8,lying,Decision,1542636663,4,5,False
5,1,9pef6xou,9,lying,Q0,1542636667,4,5,False
5,1,9pef6xou,10,lying,Q1,1542636672,5,5,False
5,1,9pef6xou,11,lying,Q2,1542636683,11,5,False
5,1,9pef6xou,12,lying,Q3,1542636694,11,5,False
5,1,9pef6xou,13,lying,Q4,1542636710,16,5,False
5,1,9pef6xou,14,lying,Q45,1542636734,24,5,False
5,1,9pef6xou,15,lying,Q5,1542636866,132,5,False
5,1,9pef6xou,16,lying,Q6,1542636898,32,5,False
5,1,9pef6xou,17,lying,Outro,1542636915,17,5,False
5,2,xjnthtia,1,lying,Ini,1542636242,151,5,False
5,2,xjnthtia,2,lying,Welcome,1542636479,237,5,False
5,2,xjnthtia,3,lying,Instructions,1542636598,119,5,False
5,2,xjnthtia,4,lying,Ready,1542636609,11,5,False
5,2,xjnthtia,5,lying,ReadyWait,1542636649,40,5,False
5,2,xjnthtia,6,lying,Countdown,1542636655,6,5,True
5,2,xjnthtia,7,lying,Rolling,1542636659,4,5,True
5,2,xjnthtia,8,lying,Decision,1542636662,3,5,False
5,2,xjnthtia,9,lying,Q0,1542636665,3,5,False
5,2,xjnthtia,11,lying,Q2,1542636679,14,5,False
5,2,xjnthtia,12,lying,Q3,1542636692,13,5,False
5,2,xjnthtia,13,lying,Q4,1542636704,12,5,False
5,2,xjnthtia,15,lying,Q5,1542636830,126,5,False
5,2,xjnthtia,16,lying,Q6,1542636867,37,5,False
5,2,xjnthtia,17,lying,Outro,1542636890,23,5,False
5,3,ocl3eeac,1,lying,Ini,1542636228,137,5,False
5,3,ocl3eeac,2,lying,Welcome,1542636485,257,5,False
5,3,ocl3eeac,3,lying,Instructions,1542636598,113,5,False
5,3,ocl3eeac,4,lying,Ready,1542636621,23,5,False
5,3,ocl3eeac,5,lying,ReadyWait,1542636649,28,5,False
5,3,ocl3eeac,6,lying,Countdown,1542636655,6,5,True
5,3,ocl3eeac,7,lying,Rolling,1542636659,4,5,True
5,3,ocl3eeac,8,lying,Decision,1542636663,4,5,False
5,3,ocl3eeac,9,lying,Q0,1542636667,4,5,False
5,3,ocl3eeac,11,lying,Q2,1542636684,17,5,False
5,3,ocl3eeac,12,lying,Q3,1542636704,20,5,False
5,3,ocl3eeac,13,lying,Q4,1542636723,19,5,False
5,3,ocl3eeac,15,lying,Q5,1542636896,173,5,False
5,3,ocl3eeac,16,lying,Q6,1542636925,29,5,False
5,3,ocl3eeac,17,lying,Outro,1542636945,20,5,False
5,4,isova4sd,1,lying,Ini,1542636211,120,5,False
5,4,isova4sd,2,lying,Welcome,1542636488,277,5,False
5,4,isova4sd,3,lying,Instructions,1542636589,101,5,False
5,4,isova4sd,4,lying,Ready,1542636596,7,5,False
5,4,isova4sd,5,lying,ReadyWait,1542636649,53,5,False
5,4,isova4sd,6,lying,Countdown,1542636655,6,5,True
5,4,isova4sd,7,lying,Rolling,1542636659,4,5,True
5,4,isova4sd,8,lying,Decision,1542636663,4,5,False
5,4,isova4sd,9,lying,Q0,1542636666,3,5,False
5,4,isova4sd,10,lying,Q1,1542636670,4,5,False
5,4,isova4sd,11,lying,Q2,1542636680,10,5,False
5,4,isova4sd,12,lying,Q3,1542636690,10,5,False
5,4,isova4sd,13,lying,Q4,1542636698,8,5,False
5,4,isova4sd,14,lying,Q45,1542636737,39,5,False
5,4,isova4sd,15,lying,Q5,1542636824,87,5,False
5,4,isova4sd,16,lying,Q6,1542636848,24,5,False
5,4,isova4sd,17,lying,Outro,1542636863,15,5,False
5,5,n4wx9zbx,1,lying,Ini,1542636218,127,5,False
5,5,n4wx9zbx,2,lying,Welcome,1542636492,274,5,False
5,5,n4wx9zbx,3,lying,Instructions,1542636633,141,5,False
5,5,n4wx9zbx,4,lying,Ready,1542636646,13,5,False
5,5,n4wx9zbx,5,lying,ReadyWait,1542636649,3,5,False
5,5,n4wx9zbx,6,lying,Countdown,1542636655,6,5,True
5,5,n4wx9zbx,7,lying,Rolling,1542636659,4,5,True
5,5,n4wx9zbx,8,lying,Decision,1542636671,12,5,False
5,5,n4wx9zbx,9,lying,Q0,1542636677,6,5,False
5,5,n4wx9zbx,10,lying,Q1,1542636682,5,5,False
5,5,n4wx9zbx,11,lying,Q2,1542636721,39,5,False
5,5,n4wx9zbx,12,lying,Q3,1542636736,15,5,False
5,5,n4wx9zbx,13,lying,Q4,1542636747,11,5,False
5,5,n4wx9zbx,14,lying,Q45,1542636809,62,5,False
5,5,n4wx9zbx,15,lying,Q5,1542636976,167,5,False
5,5,n4wx9zbx,16,lying,Q6,1542637010,34,5,False
5,5,n4wx9zbx,17,lying,Outro,1542637044,34,5,False
5,6,np5d36ch,1,lying,Ini,1542636207,116,5,False
5,6,np5d36ch,2,lying,Welcome,1542636479,272,5,False
5,6,np5d36ch,3,lying,Instructions,1542636584,105,5,False
5,6,np5d36ch,4,lying,Ready,1542636601,17,5,False
5,6,np5d36ch,5,lying,ReadyWait,1542636649,48,5,False
5,6,np5d36ch,6,lying,Countdown,1542636655,6,5,True
5,6,np5d36ch,7,lying,Rolling,1542636659,4,5,True
5,6,np5d36ch,8,lying,Decision,1542636662,3,5,False
5,6,np5d36ch,9,lying,Q0,1542636667,5,5,False
5,6,np5d36ch,10,lying,Q1,1542636672,5,5,False
5,6,np5d36ch,11,lying,Q2,1542636691,19,5,False
5,6,np5d36ch,12,lying,Q3,1542636703,12,5,False
5,6,np5d36ch,13,lying,Q4,1542636724,21,5,False
5,6,np5d36ch,14,lying,Q45,1542636776,52,5,False
5,6,np5d36ch,15,lying,Q5,1542636838,62,5,False
5,6,np5d36ch,16,lying,Q6,1542636871,33,5,False
5,6,np5d36ch,17,lying,Outro,1542636880,9,5,False
5,7,9d3uowpz,1,lying,Ini,1542636225,134,5,False
5,7,9d3uowpz,2,lying,Welcome,1542636492,267,5,False
5,7,9d3uowpz,3,lying,Instructions,1542636614,122,5,False
5,7,9d3uowpz,4,lying,Ready,1542636628,14,5,False
5,7,9d3uowpz,5,lying,ReadyWait,1542636649,21,5,False
5,7,9d3uowpz,6,lying,Countdown,1542636655,6,5,True
5,7,9d3uowpz,7,lying,Rolling,1542636659,4,5,True
5,7,9d3uowpz,8,lying,Decision,1542636666,7,5,False
5,7,9d3uowpz,9,lying,Q0,1542636668,2,5,False
5,7,9d3uowpz,11,lying,Q2,1542636695,27,5,False
5,7,9d3uowpz,12,lying,Q3,1542636732,37,5,False
5,7,9d3uowpz,13,lying,Q4,1542636749,17,5,False
5,7,9d3uowpz,15,lying,Q5,1542636953,204,5,False
5,7,9d3uowpz,16,lying,Q6,1542636985,32,5,False
5,7,9d3uowpz,17,lying,Outro,1542636996,11,5,False
5,8,gkqpv5zu,1,lying,Ini,1542636234,143,5,False
5,8,gkqpv5zu,2,lying,Welcome,1542636482,248,5,False
5,8,gkqpv5zu,3,lying,Instructions,1542636570,88,5,False
5,8,gkqpv5zu,4,lying,Ready,1542636575,5,5,False
5,8,gkqpv5zu,5,lying,ReadyWait,1542636650,75,5,False
5,8,gkqpv5zu,6,lying,Countdown,1542636655,5,5,True
5,8,gkqpv5zu,7,lying,Rolling,1542636659,4,5,True
5,8,gkqpv5zu,8,lying,Decision,1542636664,5,5,False
5,8,gkqpv5zu,9,lying,Q0,1542636668,4,5,False
5,8,gkqpv5zu,11,lying,Q2,1542636688,20,5,False
5,8,gkqpv5zu,12,lying,Q3,1542636704,16,5,False
5,8,gkqpv5zu,13,lying,Q4,1542636724,20,5,False
5,8,gkqpv5zu,15,lying,Q5,1542636869,145,5,False
5,8,gkqpv5zu,16,lying,Q6,1542636896,27,5,False
5,8,gkqpv5zu,17,lying,Outro,1542636913,17,5,False
5,9,paumy092,1,lying,Ini,1542636249,158,5,False
5,9,paumy092,2,lying,Welcome,1542636468,219,5,False
5,9,paumy092,3,lying,Instructions,1542636542,74,5,False
5,9,paumy092,4,lying,Ready,1542636551,9,5,False
5,9,paumy092,5,lying,ReadyWait,1542636649,98,5,False
5,9,paumy092,6,lying,Countdown,1542636655,6,5,True
5,9,paumy092,7,lying,Rolling,1542636659,4,5,True
5,9,paumy092,8,lying,Decision,1542636675,16,5,False
5,9,paumy092,9,lying,Q0,1542636678,3,5,False
5,9,paumy092,10,lying,Q1,1542636685,7,5,False
5,9,paumy092,11,lying,Q2,1542636696,11,5,False
5,9,paumy092,12,lying,Q3,1542636719,23,5,False
5,9,paumy092,13,lying,Q4,1542636732,13,5,False
5,9,paumy092,14,lying,Q45,1542636794,62,5,False
5,9,paumy092,15,lying,Q5,1542637003,209,5,False
5,9,paumy092,16,lying,Q6,1542637038,35,5,False
5,9,paumy092,17,lying,Outro,1542637050,12,5,False
5,10,a4ei5dk6,1,lying,Ini,1542636214,123,5,False
5,10,a4ei5dk6,2,lying,Welcome,1542636465,251,5,False
5,10,a4ei5dk6,3,lying,Instructions,1542636564,99,5,False
5,10,a4ei5dk6,4,lying,Ready,1542636573,9,5,False
5,10,a4ei5dk6,5,lying,ReadyWait,1542636649,76,5,False
5,10,a4ei5dk6,6,lying,Countdown,1542636655,6,5,True
5,10,a4ei5dk6,7,lying,Rolling,1542636659,4,5,True
5,10,a4ei5dk6,8,lying,Decision,1542636662,3,5,False
5,10,a4ei5dk6,9,lying,Q0,1542636664,2,5,False
5,10,a4ei5dk6,10,lying,Q1,1542636668,4,5,False
5,10,a4ei5dk6,11,lying,Q2,1542636680,12,5,False
5,10,a4ei5dk6,12,lying,Q3,1542636692,12,5,False
5,10,a4ei5dk6,13,lying,Q4,1542636701,9,5,False
5,10,a4ei5dk6,14,lying,Q45,1542636736,35,5,False
5,10,a4ei5dk6,15,lying,Q5,1542636873,137,5,False
5,10,a4ei5dk6,16,lying,Q6,1542636903,30,5,False
5,10,a4ei5dk6,17,lying,Outro,1542636919,16,5,False
5,11,m851zt8z,1,lying,Ini,1542636239,148,5,False
5,11,m851zt8z,2,lying,Welcome,1542636499,260,5,False
5,11,m851zt8z,3,lying,Instructions,1542636592,93,5,False
5,11,m851zt8z,4,lying,Ready,1542636598,6,5,False
5,11,m851zt8z,5,lying,ReadyWait,1542636649,51,5,False
5,11,m851zt8z,6,lying,Countdown,1542636655,6,5,True
5,11,m851zt8z,7,lying,Rolling,1542636659,4,5,True
5,11,m851zt8z,8,lying,Decision,1542636663,4,5,False
5,11,m851zt8z,9,lying,Q0,1542636665,2,5,False
5,11,m851zt8z,11,lying,Q2,1542636689,24,5,False
5,11,m851zt8z,12,lying,Q3,1542636703,14,5,False
5,11,m851zt8z,13,lying,Q4,1542636716,13,5,False
5,11,m851zt8z,15,lying,Q5,1542636931,215,5,False
5,11,m851zt8z,16,lying,Q6,1542636972,41,5,False
5,11,m851zt8z,17,lying,Outro,1542636997,25,5,False
5,12,x175s09i,1,lying,Ini,1542636222,131,5,False
5,12,x175s09i,2,lying,Welcome,1542636485,263,5,False
5,12,x175s09i,3,lying,Instructions,1542636643,158,5,False
5,12,x175s09i,4,lying,Ready,1542636649,6,5,False
5,12,x175s09i,5,lying,ReadyWait,1542636649,0,5,False
5,12,x175s09i,6,lying,Countdown,1542636654,5,5,True
5,12,x175s09i,7,lying,Rolling,1542636659,5,5,True
5,12,x175s09i,8,lying,Decision,1542636662,3,5,False
5,12,x175s09i,9,lying,Q0,1542636664,2,5,False
5,12,x175s09i,11,lying,Q2,1542636679,15,5,False
5,12,x175s09i,12,lying,Q3,1542636695,16,5,False
5,12,x175s09i,13,lying,Q4,1542636711,16,5,False
5,12,x175s09i,15,lying,Q5,1542636805,94,5,False
5,12,x175s09i,16,lying,Q6,1542636838,33,5,False
5,12,x175s09i,17,lying,Outro,1542636850,12,5,False
6,1,w1fxgrs5,1,lying,Ini,1542708229,77,6,False
6,1,w1fxgrs5,2,lying,Welcome,1542708579,350,6,False
6,1,w1fxgrs5,3,lying,Instructions,1542708680,101,6,False
6,1,w1fxgrs5,4,lying,Ready,1542708685,5,6,False
6,1,w1fxgrs5,5,lying,ReadyWait,1542708812,127,6,False
6,1,w1fxgrs5,6,lying,Countdown,1542708817,5,6,True
6,1,w1fxgrs5,7,lying,Rolling,1542708822,5,6,True
6,1,w1fxgrs5,8,lying,Decision,1542708828,6,6,False
6,1,w1fxgrs5,9,lying,Q0,1542708831,3,6,False
6,1,w1fxgrs5,11,lying,Q2,1542708850,19,6,False
6,1,w1fxgrs5,12,lying,Q3,1542708862,12,6,False
6,1,w1fxgrs5,13,lying,Q4,1542708873,11,6,False
6,1,w1fxgrs5,15,lying,Q5,1542709041,168,6,False
6,1,w1fxgrs5,16,lying,Q6,1542709075,34,6,False
6,1,w1fxgrs5,17,lying,Outro,1542709098,23,6,False
6,2,3n5rpgc7,1,lying,Ini,1542708246,94,6,False
6,2,3n5rpgc7,2,lying,Welcome,1542708539,293,6,False
6,2,3n5rpgc7,3,lying,Instructions,1542708614,75,6,False
6,2,3n5rpgc7,4,lying,Ready,1542708624,10,6,False
6,2,3n5rpgc7,5,lying,ReadyWait,1542708812,188,6,False
6,2,3n5rpgc7,6,lying,Countdown,1542708817,5,6,True
6,2,3n5rpgc7,7,lying,Rolling,1542708821,4,6,True
6,2,3n5rpgc7,8,lying,Decision,1542708829,8,6,False
6,2,3n5rpgc7,9,lying,Q0,1542708832,3,6,False
6,2,3n5rpgc7,10,lying,Q1,1542708837,5,6,False
6,2,3n5rpgc7,11,lying,Q2,1542708853,16,6,False
6,2,3n5rpgc7,12,lying,Q3,1542708863,10,6,False
6,2,3n5rpgc7,13,lying,Q4,1542708870,7,6,False
6,2,3n5rpgc7,14,lying,Q45,1542708996,126,6,False
6,2,3n5rpgc7,15,lying,Q5,1542709170,174,6,False
6,2,3n5rpgc7,16,lying,Q6,1542709211,41,6,False
6,2,3n5rpgc7,17,lying,Outro,1542709223,12,6,False
6,3,agi7b4tp,1,lying,Ini,1542708259,107,6,False
6,3,agi7b4tp,2,lying,Welcome,1542708513,254,6,False
6,3,agi7b4tp,3,lying,Instructions,1542708636,123,6,False
6,3,agi7b4tp,4,lying,Ready,1542708644,8,6,False
6,3,agi7b4tp,5,lying,ReadyWait,1542708812,168,6,False
6,3,agi7b4tp,6,lying,Countdown,1542708817,5,6,True
6,3,agi7b4tp,7,lying,Rolling,1542708821,4,6,True
6,3,agi7b4tp,8,lying,Decision,1542708826,5,6,False
6,3,agi7b4tp,9,lying,Q0,1542708828,2,6,False
6,3,agi7b4tp,11,lying,Q2,1542708848,20,6,False
6,3,agi7b4tp,12,lying,Q3,1542708867,19,6,False
6,3,agi7b4tp,13,lying,Q4,1542708891,24,6,False
6,3,agi7b4tp,15,lying,Q5,1542709005,114,6,False
6,3,agi7b4tp,16,lying,Q6,1542709030,25,6,False
6,3,agi7b4tp,17,lying,Outro,1542709038,8,6,False
6,4,mtr0objh,1,lying,Ini,1542708251,99,6,False
6,4,mtr0objh,2,lying,Welcome,1542708537,286,6,False
6,4,mtr0objh,3,lying,Instructions,1542708635,98,6,False
6,4,mtr0objh,4,lying,Ready,1542708655,20,6,False
6,4,mtr0objh,5,lying,ReadyWait,1542708812,157,6,False
6,4,mtr0objh,6,lying,Countdown,1542708817,5,6,True
6,4,mtr0objh,7,lying,Rolling,1542708821,4,6,True
6,4,mtr0objh,8,lying,Decision,1542708826,5,6,False
6,4,mtr0objh,9,lying,Q0,1542708828,2,6,False
6,4,mtr0objh,11,lying,Q2,1542708841,13,6,False
6,4,mtr0objh,12,lying,Q3,1542708851,10,6,False
6,4,mtr0objh,13,lying,Q4,1542708860,9,6,False
6,4,mtr0objh,15,lying,Q5,1542708944,84,6,False
6,4,mtr0objh,16,lying,Q6,1542708967,23,6,False
6,4,mtr0objh,17,lying,Outro,1542708972,5,6,False
6,5,jqrrqz02,1,lying,Ini,1542708255,103,6,False
6,5,jqrrqz02,2,lying,Welcome,1542708576,321,6,False
6,5,jqrrqz02,3,lying,Instructions,1542708733,157,6,False
6,5,jqrrqz02,4,lying,Ready,1542708743,10,6,False
6,5,jqrrqz02,5,lying,ReadyWait,1542708812,69,6,False
6,5,jqrrqz02,6,lying,Countdown,1542708817,5,6,True
6,5,jqrrqz02,7,lying,Rolling,1542708821,4,6,True
6,5,jqrrqz02,8,lying,Decision,1542708825,4,6,False
6,5,jqrrqz02,9,lying,Q0,1542708827,2,6,False
6,5,jqrrqz02,11,lying,Q2,1542708848,21,6,False
6,5,jqrrqz02,12,lying,Q3,1542708864,16,6,False
6,5,jqrrqz02,13,lying,Q4,1542708889,25,6,False
6,5,jqrrqz02,15,lying,Q5,1542709014,125,6,False
6,5,jqrrqz02,16,lying,Q6,1542709031,17,6,False
6,5,jqrrqz02,17,lying,Outro,1542709045,14,6,False
6,6,mm3vn91h,1,lying,Ini,1542708235,83,6,False
6,6,mm3vn91h,2,lying,Welcome,1542708559,324,6,False
6,6,mm3vn91h,3,lying,Instructions,1542708797,238,6,False
6,6,mm3vn91h,4,lying,Ready,1542708812,15,6,False
6,6,mm3vn91h,5,lying,ReadyWait,1542708812,0,6,False
6,6,mm3vn91h,6,lying,Countdown,1542708817,5,6,True
6,6,mm3vn91h,7,lying,Rolling,1542708821,4,6,True
6,6,mm3vn91h,8,lying,Decision,1542708827,6,6,False
6,6,mm3vn91h,9,lying,Q0,1542708829,2,6,False
6,6,mm3vn91h,10,lying,Q1,1542708838,9,6,False
6,6,mm3vn91h,11,lying,Q2,1542708853,15,6,False
6,6,mm3vn91h,12,lying,Q3,1542708865,12,6,False
6,6,mm3vn91h,13,lying,Q4,1542708874,9,6,False
6,6,mm3vn91h,14,lying,Q45,1542708914,40,6,False
6,6,mm3vn91h,15,lying,Q5,1542709057,143,6,False
6,6,mm3vn91h,16,lying,Q6,1542709114,57,6,False
6,6,mm3vn91h,17,lying,Outro,1542709133,19,6,False
6,7,ou3qoux8,1,lying,Ini,1542708243,91,6,False
6,7,ou3qoux8,2,lying,Welcome,1542708573,330,6,False
6,7,ou3qoux8,3,lying,Instructions,1542708701,128,6,False
6,7,ou3qoux8,4,lying,Ready,1542708717,16,6,False
6,7,ou3qoux8,5,lying,ReadyWait,1542708812,95,6,False
6,7,ou3qoux8,6,lying,Countdown,1542708817,5,6,True
6,7,ou3qoux8,7,lying,Rolling,1542708821,4,6,True
6,7,ou3qoux8,8,lying,Decision,1542708825,4,6,False
6,7,ou3qoux8,9,lying,Q0,1542708829,4,6,False
6,7,ou3qoux8,10,lying,Q1,1542708838,9,6,False
6,7,ou3qoux8,11,lying,Q2,1542708861,23,6,False
6,7,ou3qoux8,12,lying,Q3,1542708892,31,6,False
6,7,ou3qoux8,13,lying,Q4,1542708903,11,6,False
6,7,ou3qoux8,14,lying,Q45,1542709013,110,6,False
6,7,ou3qoux8,15,lying,Q5,1542709162,149,6,False
6,7,ou3qoux8,16,lying,Q6,1542709212,50,6,False
6,7,ou3qoux8,17,lying,Outro,1542709225,13,6,False
6,8,s6ol47dd,1,lying,Ini,1542708239,87,6,False
6,8,s6ol47dd,2,lying,Welcome,1542708576,337,6,False
6,8,s6ol47dd,3,lying,Instructions,1542708695,119,6,False
6,8,s6ol47dd,4,lying,Ready,1542708705,10,6,False
6,8,s6ol47dd,5,lying,ReadyWait,1542708812,107,6,False
6,8,s6ol47dd,6,lying,Countdown,1542708817,5,6,True
6,8,s6ol47dd,7,lying,Rolling,1542708821,4,6,True
6,8,s6ol47dd,8,lying,Decision,1542708827,6,6,False
6,8,s6ol47dd,9,lying,Q0,1542708832,5,6,False
6,8,s6ol47dd,10,lying,Q1,1542708838,6,6,False
6,8,s6ol47dd,11,lying,Q2,1542708858,20,6,False
6,8,s6ol47dd,12,lying,Q3,1542708870,12,6,False
6,8,s6ol47dd,13,lying,Q4,1542708894,24,6,False
6,8,s6ol47dd,14,lying,Q45,1542708962,68,6,False
6,8,s6ol47dd,15,lying,Q5,1542709185,223,6,False
6,8,s6ol47dd,16,lying,Q6,1542709245,60,6,False
6,8,s6ol47dd,17,lying,Outro,1542709256,11,6,False
7,1,lj774bg5,1,lying,Ini,1542791060,58,7,False
7,1,lj774bg5,2,lying,Welcome,1542791413,353,7,False
7,1,lj774bg5,3,lying,Instructions,1542791567,154,7,False
7,1,lj774bg5,4,lying,Ready,1542791586,19,7,False
7,1,lj774bg5,5,lying,ReadyWait,1542791587,1,7,False
7,1,lj774bg5,6,lying,Countdown,1542791592,5,7,True
7,1,lj774bg5,7,lying,Rolling,1542791597,5,7,True
7,1,lj774bg5,8,lying,Decision,1542791605,8,7,False
7,1,lj774bg5,9,lying,Q0,1542791611,6,7,False
7,1,lj774bg5,10,lying,Q1,1542791618,7,7,False
7,1,lj774bg5,11,lying,Q2,1542791638,20,7,False
7,1,lj774bg5,12,lying,Q3,1542791656,18,7,False
7,1,lj774bg5,13,lying,Q4,1542791678,22,7,False
7,1,lj774bg5,14,lying,Q45,1542791743,65,7,False
7,1,lj774bg5,15,lying,Q5,1542791815,72,7,False
7,1,lj774bg5,16,lying,Q6,1542791847,32,7,False
7,1,lj774bg5,17,lying,Outro,1542791871,24,7,False
7,2,eh4isfsc,1,lying,Ini,1542791070,68,7,False
7,2,eh4isfsc,2,lying,Welcome,1542791376,306,7,False
7,2,eh4isfsc,3,lying,Instructions,1542791476,100,7,False
7,2,eh4isfsc,4,lying,Ready,1542791488,12,7,False
7,2,eh4isfsc,5,lying,ReadyWait,1542791587,99,7,False
7,2,eh4isfsc,6,lying,Countdown,1542791592,5,7,True
7,2,eh4isfsc,7,lying,Rolling,1542791597,5,7,True
7,2,eh4isfsc,8,lying,Decision,1542791604,7,7,False
7,2,eh4isfsc,9,lying,Q0,1542791607,3,7,False
7,2,eh4isfsc,11,lying,Q2,1542791624,17,7,False
7,2,eh4isfsc,12,lying,Q3,1542791638,14,7,False
7,2,eh4isfsc,13,lying,Q4,1542791648,10,7,False
7,2,eh4isfsc,15,lying,Q5,1542791707,59,7,False
7,2,eh4isfsc,16,lying,Q6,1542791731,24,7,False
7,2,eh4isfsc,17,lying,Outro,1542791739,8,7,False
7,3,bme0wpsk,1,lying,Ini,1542791055,53,7,False
7,3,bme0wpsk,2,lying,Welcome,1542791406,351,7,False
7,3,bme0wpsk,3,lying,Instructions,1542791517,111,7,False
7,3,bme0wpsk,4,lying,Ready,1542791531,14,7,False
7,3,bme0wpsk,5,lying,ReadyWait,1542791587,56,7,False
7,3,bme0wpsk,6,lying,Countdown,1542791592,5,7,True
7,3,bme0wpsk,7,lying,Rolling,1542791597,5,7,True
7,3,bme0wpsk,8,lying,Decision,1542791603,6,7,False
7,3,bme0wpsk,9,lying,Q0,1542791605,2,7,False
7,3,bme0wpsk,10,lying,Q1,1542791611,6,7,False
7,3,bme0wpsk,11,lying,Q2,1542791622,11,7,False
7,3,bme0wpsk,12,lying,Q3,1542791640,18,7,False
7,3,bme0wpsk,13,lying,Q4,1542791651,11,7,False
7,3,bme0wpsk,14,lying,Q45,1542791726,75,7,False
7,3,bme0wpsk,15,lying,Q5,1542791936,210,7,False
7,3,bme0wpsk,16,lying,Q6,1542791964,28,7,False
7,3,bme0wpsk,17,lying,Outro,1542791979,15,7,False
7,4,2bmul504,1,lying,Ini,1542791065,62,7,False
7,4,2bmul504,2,lying,Welcome,1542791290,225,7,False
7,4,2bmul504,3,lying,Instructions,1542791578,288,7,False
7,4,2bmul504,4,lying,Ready,1542791587,9,7,False
7,4,2bmul504,5,lying,ReadyWait,1542791587,0,7,False
7,4,2bmul504,6,lying,Countdown,1542791592,5,7,True
7,4,2bmul504,7,lying,Rolling,1542791597,5,7,True
7,4,2bmul504,8,lying,Decision,1542791606,9,7,False
7,4,2bmul504,9,lying,Q0,1542791608,2,7,False
7,4,2bmul504,11,lying,Q2,1542791621,13,7,False
7,4,2bmul504,12,lying,Q3,1542791634,13,7,False
7,4,2bmul504,13,lying,Q4,1542791644,10,7,False
7,4,2bmul504,15,lying,Q5,1542791752,108,7,False
7,4,2bmul504,16,lying,Q6,1542791785,33,7,False
7,4,2bmul504,17,lying,Outro,1542791792,7,7,False
8,1,ln1sw49z,1,lying,Ini,1542794644,103,8,False
8,1,ln1sw49z,2,lying,Welcome,1542794903,259,8,False
8,1,ln1sw49z,3,lying,Instructions,1542795068,165,8,False
8,1,ln1sw49z,4,lying,Ready,1542795078,10,8,False
8,1,ln1sw49z,5,lying,ReadyWait,1542795122,44,8,False
8,1,ln1sw49z,6,lying,Countdown,1542795127,5,8,True
8,1,ln1sw49z,7,lying,Rolling,1542795132,5,8,True
8,1,ln1sw49z,8,lying,Decision,1542795137,5,8,False
8,1,ln1sw49z,9,lying,Q0,1542795141,4,8,False
8,1,ln1sw49z,11,lying,Q2,1542795159,18,8,False
8,1,ln1sw49z,12,lying,Q3,1542795181,22,8,False
8,1,ln1sw49z,13,lying,Q4,1542795207,26,8,False
8,1,ln1sw49z,15,lying,Q5,1542795278,71,8,False
8,1,ln1sw49z,16,lying,Q6,1542795324,46,8,False
8,1,ln1sw49z,17,lying,Outro,1542795339,15,8,False
8,2,qmp843bb,1,lying,Ini,1542794620,79,8,False
8,2,qmp843bb,2,lying,Welcome,1542794876,256,8,False
8,2,qmp843bb,3,lying,Instructions,1542794990,114,8,False
8,2,qmp843bb,4,lying,Ready,1542794998,8,8,False
8,2,qmp843bb,5,lying,ReadyWait,1542795122,124,8,False
8,2,qmp843bb,6,lying,Countdown,1542795127,5,8,True
8,2,qmp843bb,7,lying,Rolling,1542795132,5,8,True
8,2,qmp843bb,8,lying,Decision,1542795139,7,8,False
8,2,qmp843bb,9,lying,Q0,1542795142,3,8,False
8,2,qmp843bb,11,lying,Q2,1542795157,15,8,False
8,2,qmp843bb,12,lying,Q3,1542795168,11,8,False
8,2,qmp843bb,13,lying,Q4,1542795178,10,8,False
8,2,qmp843bb,15,lying,Q5,1542795318,140,8,False
8,2,qmp843bb,16,lying,Q6,1542795361,43,8,False
8,2,qmp843bb,17,lying,Outro,1542795389,28,8,False
8,3,iz2dp5pl,1,lying,Ini,1542794631,90,8,False
8,3,iz2dp5pl,2,lying,Welcome,1542794864,233,8,False
8,3,iz2dp5pl,3,lying,Instructions,1542795030,166,8,False
8,3,iz2dp5pl,4,lying,Ready,1542795047,17,8,False
8,3,iz2dp5pl,5,lying,ReadyWait,1542795122,75,8,False
8,3,iz2dp5pl,6,lying,Countdown,1542795127,5,8,True
8,3,iz2dp5pl,7,lying,Rolling,1542795132,5,8,True
8,3,iz2dp5pl,8,lying,Decision,1542795138,6,8,False
8,3,iz2dp5pl,9,lying,Q0,1542795140,2,8,False
8,3,iz2dp5pl,10,lying,Q1,1542795144,4,8,False
8,3,iz2dp5pl,11,lying,Q2,1542795157,13,8,False
8,3,iz2dp5pl,12,lying,Q3,1542795169,12,8,False
8,3,iz2dp5pl,13,lying,Q4,1542795177,8,8,False
8,3,iz2dp5pl,14,lying,Q45,1542795199,22,8,False
8,3,iz2dp5pl,15,lying,Q5,1542795289,90,8,False
8,3,iz2dp5pl,16,lying,Q6,1542795313,24,8,False
8,3,iz2dp5pl,17,lying,Outro,1542795324,11,8,False
8,4,37rysv6x,1,lying,Ini,1542794649,108,8,False
8,4,37rysv6x,2,lying,Welcome,1542794869,220,8,False
8,4,37rysv6x,3,lying,Instructions,1542795013,144,8,False
8,4,37rysv6x,4,lying,Ready,1542795039,26,8,False
8,4,37rysv6x,5,lying,ReadyWait,1542795122,83,8,False
8,4,37rysv6x,6,lying,Countdown,1542795127,5,8,True
8,4,37rysv6x,7,lying,Rolling,1542795132,5,8,True
8,4,37rysv6x,8,lying,Decision,1542795138,6,8,False
8,4,37rysv6x,9,lying,Q0,1542795143,5,8,False
8,4,37rysv6x,11,lying,Q2,1542795160,17,8,False
8,4,37rysv6x,12,lying,Q3,1542795169,9,8,False
8,4,37rysv6x,13,lying,Q4,1542795180,11,8,False
8,4,37rysv6x,15,lying,Q5,1542795313,133,8,False
8,4,37rysv6x,16,lying,Q6,1542795347,34,8,False
8,4,37rysv6x,17,lying,Outro,1542795356,9,8,False
8,5,hjq4dj4f,1,lying,Ini,1542794640,99,8,False
8,5,hjq4dj4f,2,lying,Welcome,1542794884,244,8,False
8,5,hjq4dj4f,3,lying,Instructions,1542795000,116,8,False
8,5,hjq4dj4f,4,lying,Ready,1542795007,7,8,False
8,5,hjq4dj4f,5,lying,ReadyWait,1542795122,115,8,False
8,5,hjq4dj4f,6,lying,Countdown,1542795127,5,8,True
8,5,hjq4dj4f,7,lying,Rolling,1542795132,5,8,True
8,5,hjq4dj4f,8,lying,Decision,1542795138,6,8,False
8,5,hjq4dj4f,9,lying,Q0,1542795142,4,8,False
8,5,hjq4dj4f,10,lying,Q1,1542795149,7,8,False
8,5,hjq4dj4f,11,lying,Q2,1542795161,12,8,False
8,5,hjq4dj4f,12,lying,Q3,1542795172,11,8,False
8,5,hjq4dj4f,13,lying,Q4,1542795181,9,8,False
8,5,hjq4dj4f,14,lying,Q45,1542795223,42,8,False
8,5,hjq4dj4f,15,lying,Q5,1542795336,113,8,False
8,5,hjq4dj4f,16,lying,Q6,1542795371,35,8,False
8,5,hjq4dj4f,17,lying,Outro,1542795388,17,8,False
8,6,l1sd9wjx,1,lying,Ini,1542794654,113,8,False
8,6,l1sd9wjx,2,lying,Welcome,1542794884,230,8,False
8,6,l1sd9wjx,3,lying,Instructions,1542795111,227,8,False
8,6,l1sd9wjx,4,lying,Ready,1542795122,11,8,False
8,6,l1sd9wjx,5,lying,ReadyWait,1542795122,0,8,False
8,6,l1sd9wjx,6,lying,Countdown,1542795127,5,8,True
8,6,l1sd9wjx,7,lying,Rolling,1542795132,5,8,True
8,6,l1sd9wjx,8,lying,Decision,1542795142,10,8,False
8,6,l1sd9wjx,9,lying,Q0,1542795146,4,8,False
8,6,l1sd9wjx,11,lying,Q2,1542795176,30,8,False
8,6,l1sd9wjx,12,lying,Q3,1542795219,43,8,False
8,6,l1sd9wjx,13,lying,Q4,1542795241,22,8,False
8,6,l1sd9wjx,15,lying,Q5,1542795402,161,8,False
8,6,l1sd9wjx,16,lying,Q6,1542795433,31,8,False
8,6,l1sd9wjx,17,lying,Outro,1542795486,53,8,False
8,7,gasto7hs,1,lying,Ini,1542794627,86,8,False
8,7,gasto7hs,2,lying,Welcome,1542794873,246,8,False
8,7,gasto7hs,3,lying,Instructions,1542795028,155,8,False
8,7,gasto7hs,4,lying,Ready,1542795039,11,8,False
8,7,gasto7hs,5,lying,ReadyWait,1542795122,83,8,False
8,7,gasto7hs,6,lying,Countdown,1542795127,5,8,True
8,7,gasto7hs,7,lying,Rolling,1542795132,5,8,True
8,7,gasto7hs,8,lying,Decision,1542795136,4,8,False
8,7,gasto7hs,9,lying,Q0,1542795138,2,8,False
8,7,gasto7hs,10,lying,Q1,1542795144,6,8,False
8,7,gasto7hs,11,lying,Q2,1542795173,29,8,False
8,7,gasto7hs,12,lying,Q3,1542795211,38,8,False
8,7,gasto7hs,13,lying,Q4,1542795227,16,8,False
8,7,gasto7hs,14,lying,Q45,1542795294,67,8,False
8,7,gasto7hs,15,lying,Q5,1542795387,93,8,False
8,7,gasto7hs,16,lying,Q6,1542795422,35,8,False
8,7,gasto7hs,17,lying,Outro,1542795435,13,8,False
8,8,a088uzsb,1,lying,Ini,1542794635,93,8,False
8,8,a088uzsb,2,lying,Welcome,1542794899,264,8,False
8,8,a088uzsb,3,lying,Instructions,1542795068,169,8,False
8,8,a088uzsb,4,lying,Ready,1542795080,12,8,False
8,8,a088uzsb,5,lying,ReadyWait,1542795122,42,8,False
8,8,a088uzsb,6,lying,Countdown,1542795127,5,8,True
8,8,a088uzsb,7,lying,Rolling,1542795132,5,8,True
8,8,a088uzsb,8,lying,Decision,1542795135,3,8,False
8,8,a088uzsb,9,lying,Q0,1542795138,3,8,False
8,8,a088uzsb,10,lying,Q1,1542795143,5,8,False
8,8,a088uzsb,11,lying,Q2,1542795156,13,8,False
8,8,a088uzsb,12,lying,Q3,1542795166,10,8,False
8,8,a088uzsb,13,lying,Q4,1542795174,8,8,False
8,8,a088uzsb,14,lying,Q45,1542795216,42,8,False
8,8,a088uzsb,15,lying,Q5,1542795354,138,8,False
8,8,a088uzsb,16,lying,Q6,1542795391,37,8,False
8,8,a088uzsb,17,lying,Outro,1542795405,14,8,False
